session_key,source_relpath,seq
b3e52f618aae2727d6b5c59df4553868e5acdd31,19970723_2.mp3,1
47de6258a8e6e5c0683368b2eabfdc5e9220cc78,19971230_1.mp3,1
47de6258a8e6e5c0683368b2eabfdc5e9220cc78,19971230_10.mp3,2
47de6258a8e6e5c0683368b2eabfdc5e9220cc78,19971230_11.mp3,3
47de6258a8e6e5c0683368b2eabfdc5e9220cc78,19971230_2.mp3,4
47de6258a8e6e5c0683368b2eabfdc5e9220cc78,19971230_3.mp3,5
47de6258a8e6e5c0683368b2eabfdc5e9220cc78,19971230_4.mp3,6
47de6258a8e6e5c0683368b2eabfdc5e9220cc78,19971230_5.mp3,7
47de6258a8e6e5c0683368b2eabfdc5e9220cc78,19971230_6.mp3,8
47de6258a8e6e5c0683368b2eabfdc5e9220cc78,19971230_7.mp3,9
47de6258a8e6e5c0683368b2eabfdc5e9220cc78,19971230_8.mp3,10
47de6258a8e6e5c0683368b2eabfdc5e9220cc78,19971230_9.mp3,11
311f0f2c27c04703de48f2bbcc12827ddd0893e9,19980214_1.mp3,1
58d9be7660756086e0c4805e513f7fe3b9174bcd,19980228_1.mp3,1
58d9be7660756086e0c4805e513f7fe3b9174bcd,19980228_2.mp3,2
21032e8279e133005d78470259baf45754f92aa9,19980512_1.mp3,1
1b67db4ee373721f08ce6d8407fe21b8b73032a8,19980701_1.mp3,1
69b68fd6e6851e99c40f5cceb0feaaa1aa3229f9,19980708_1.mp3,1
69b68fd6e6851e99c40f5cceb0feaaa1aa3229f9,19980708_2.mp3,2
69b68fd6e6851e99c40f5cceb0feaaa1aa3229f9,19980708_3.mp3,3
4340b6527e10fdc2af8f196bbaf1cbbd8830d8da,19980910_1.mp3,1
4340b6527e10fdc2af8f196bbaf1cbbd8830d8da,19980910_2.mp3,2
4340b6527e10fdc2af8f196bbaf1cbbd8830d8da,19980910_3.mp3,3
4340b6527e10fdc2af8f196bbaf1cbbd8830d8da,19980910_4.mp3,4
4340b6527e10fdc2af8f196bbaf1cbbd8830d8da,19980910_5.mp3,5
5e8559ed263a69df202a8d15d562726c634e46aa,19980917_1.mp3,1
8d23cbbe7aa9751fa4e4551ce5e151ccce53e7af,19980930_1.mp3,1
8d23cbbe7aa9751fa4e4551ce5e151ccce53e7af,19980930_2.mp3,2
8d23cbbe7aa9751fa4e4551ce5e151ccce53e7af,19980930_3.mp3,3
8d23cbbe7aa9751fa4e4551ce5e151ccce53e7af,19980930_4.mp3,4
fd9f0cc0ecc03906d38a95fba1468bf32470738f,19981119_1.mp3,1
fd9f0cc0ecc03906d38a95fba1468bf32470738f,19981119_2.mp3,2
fd9f0cc0ecc03906d38a95fba1468bf32470738f,19981119_3.mp3,3
fd9f0cc0ecc03906d38a95fba1468bf32470738f,19981119_4.mp3,4
fd9f0cc0ecc03906d38a95fba1468bf32470738f,19981119_5.mp3,5
cdb80d35f80fe7e6992761a3aa8de5304f9f499b,19981217_1.mp3,1
cdb80d35f80fe7e6992761a3aa8de5304f9f499b,19981217_2.mp3,2
346032b4089e43488a2306097d0c524781dab28c,19990114_1.mp3,1
346032b4089e43488a2306097d0c524781dab28c,19990114_2.mp3,2
346032b4089e43488a2306097d0c524781dab28c,19990114_3.mp3,3
346032b4089e43488a2306097d0c524781dab28c,19990114_4.mp3,4
e0d95b52f0eb5b159d76436b5007ec4bc48d81ed,19990131_1.mp3,1
e0d95b52f0eb5b159d76436b5007ec4bc48d81ed,19990131_2.mp3,2
143b3335ebed95d473900d9570bfbd3a2923d284,19990408_1.mp3,1
143b3335ebed95d473900d9570bfbd3a2923d284,19990408_2.mp3,2
64082d9ebd1d7145c4fc2acf182595eb4b4c1e3f,19990506_1.mp3,1
6b3d950d7a7c2639659978399c4ee2ebf566f1ed,19991106_1.mp3,1
6b3d950d7a7c2639659978399c4ee2ebf566f1ed,19991106_2.mp3,2
052d8fad7f46c0d4f6ae083c4ccb1bb81fc23fea,20000622_2.mp3,1
052d8fad7f46c0d4f6ae083c4ccb1bb81fc23fea,20000622_4.mp3,2
e85d24d52b017532fc1d817aa98c7897c86362c1,20000714_1.mp3,1
e85d24d52b017532fc1d817aa98c7897c86362c1,20000714_2.mp3,2
e85d24d52b017532fc1d817aa98c7897c86362c1,20000714_8.mp3,3
4154deffa8b4b1e17a202afa22379e91853eb65d,20000803_3.mp3,1
4154deffa8b4b1e17a202afa22379e91853eb65d,20000803_4.mp3,2
94e0bf08e870741254fd10cd1f8ff86618679e78,20000816_1.mp3,1
9eadd73542f1573c69cd00df69f689995c7f4d62,20000831_1.mp3,1
9eadd73542f1573c69cd00df69f689995c7f4d62,20000831_2.mp3,2
6cd4efa3dbf504131760e3e1ab140624846f5707,20001005_1.mp3,1
e88b1816bfcf0ecf0ad9bc35f114d1a28b963fd0,20001130_1.mp3,1
e88b1816bfcf0ecf0ad9bc35f114d1a28b963fd0,20001130_2.mp3,2
e88b1816bfcf0ecf0ad9bc35f114d1a28b963fd0,20001130_3.mp3,3
e88b1816bfcf0ecf0ad9bc35f114d1a28b963fd0,20001130_5.mp3,4
b1187dda4722e2b6ad97e12348f765df51a7f189,20001228_1.mp3,1
78c8283ad54bf14e0976f81a6fea34da7217c673,20010111_1.mp3,1
78c8283ad54bf14e0976f81a6fea34da7217c673,20010111_2.mp3,2
78c8283ad54bf14e0976f81a6fea34da7217c673,20010111_3.mp3,3
78c8283ad54bf14e0976f81a6fea34da7217c673,20010111_4.mp3,4
78c8283ad54bf14e0976f81a6fea34da7217c673,20010111_5.mp3,5
1df9598556f95ea0483fc39a298ebcf3bb04cfda,20010128_1.mp3,1
1df9598556f95ea0483fc39a298ebcf3bb04cfda,20010128_2.mp3,2
1df9598556f95ea0483fc39a298ebcf3bb04cfda,20010128_3.mp3,3
0193cccb6f26729999ce5f3a9ab565391435de21,20010221_1.mp3,1
a83f51c9092633f85f40395eeb638f7b5ff5dd8a,20010314_1.mp3,1
a83f51c9092633f85f40395eeb638f7b5ff5dd8a,20010314_2.mp3,2
a83f51c9092633f85f40395eeb638f7b5ff5dd8a,20010314_3.mp3,3
a83f51c9092633f85f40395eeb638f7b5ff5dd8a,20010314_4.mp3,4
a83f51c9092633f85f40395eeb638f7b5ff5dd8a,20010314_5.mp3,5
cf72456075f2326c16a113dffbab177cfd22dc36,20010502_1.mp3,1
cf72456075f2326c16a113dffbab177cfd22dc36,20010502_2.mp3,2
b3d4419760142f396cc6daa9eb036bf6e229c6c1,20010516_1.mp3,1
68238ebea91ea08ec882ffcb825c4f2981dceba0,20010602_1.mp3,1
bd06b7b65c3b76874baf1d98b1903cf191d62ba2,20010605_1.mp3,1
bd06b7b65c3b76874baf1d98b1903cf191d62ba2,20010605_2.mp3,2
bd06b7b65c3b76874baf1d98b1903cf191d62ba2,20010605_3.mp3,3
bd06b7b65c3b76874baf1d98b1903cf191d62ba2,20010605_4.mp3,4
f6040c411b62800aa12bac776fe3c1e3bcce9c49,20010620_1.mp3,1
6cdd7e9cf4972ff1c9c3f8fe243f78efb81f4139,20010801_1.mp3,1
6cdd7e9cf4972ff1c9c3f8fe243f78efb81f4139,20010801_2.mp3,2
9ece35ec8f1622f3b60ee99f5c8797f9d2036cf4,20010822_1.mp3,1
9ece35ec8f1622f3b60ee99f5c8797f9d2036cf4,20010822_2.mp3,2
9ece35ec8f1622f3b60ee99f5c8797f9d2036cf4,20010822_3.mp3,3
c15ee641ba37e4171110773a64642685c0dc9207,20011010_1.mp3,1
c15ee641ba37e4171110773a64642685c0dc9207,20011010_2.mp3,2
c15ee641ba37e4171110773a64642685c0dc9207,20011010_3.mp3,3
c15ee641ba37e4171110773a64642685c0dc9207,20011010_4.mp3,4
c15ee641ba37e4171110773a64642685c0dc9207,20011010_5.mp3,5
c15ee641ba37e4171110773a64642685c0dc9207,20011010_6.mp3,6
c15ee641ba37e4171110773a64642685c0dc9207,20011010_8.mp3,7
9fac1a591ffc0aee7e744d07bf263afadab86fdf,20011107_1.mp3,1
9fac1a591ffc0aee7e744d07bf263afadab86fdf,20011107_2.mp3,2
9fac1a591ffc0aee7e744d07bf263afadab86fdf,20011107_3.mp3,3
45d24cda29ef583b91a97912b9c6a72badbb0833,20011117_1.mp3,1
45d24cda29ef583b91a97912b9c6a72badbb0833,20011117_2.mp3,2
45d24cda29ef583b91a97912b9c6a72badbb0833,20011117_3.mp3,3
498d34a4af5cdd21fe88be6293f24486599b7c1b,20011212_1.mp3,1
498d34a4af5cdd21fe88be6293f24486599b7c1b,20011212_2.mp3,2
498d34a4af5cdd21fe88be6293f24486599b7c1b,20011212_3.mp3,3
498d34a4af5cdd21fe88be6293f24486599b7c1b,20011212_4.mp3,4
498d34a4af5cdd21fe88be6293f24486599b7c1b,20011212_5.mp3,5
498d34a4af5cdd21fe88be6293f24486599b7c1b,20011212_6.mp3,6
498d34a4af5cdd21fe88be6293f24486599b7c1b,20011212_7.mp3,7
e108acde440ad3fceb87fb7e0737dbd040665aaa,20020502_1.mp3,1
e108acde440ad3fceb87fb7e0737dbd040665aaa,20020502_2.mp3,2
e108acde440ad3fceb87fb7e0737dbd040665aaa,20020502_3.mp3,3
e108acde440ad3fceb87fb7e0737dbd040665aaa,20020502_4.mp3,4
5f98d471aa3c70208183984c3c33116287306da2,StormPigs20021024_1_fleshmachine.mp4,1
5f98d471aa3c70208183984c3c33116287306da2,StormPigs20021024_2_fountainofstillness.mp4,2
5f98d471aa3c70208183984c3c33116287306da2,StormPigs20021024_3_gettingold.mp4,3
5f98d471aa3c70208183984c3c33116287306da2,StormPigs20021024_4_hollowbody.mp4,4
5f98d471aa3c70208183984c3c33116287306da2,StormPigs20021024_5_likeadrugaddict.mp4,5
bb792fefd5c6b758bb56a734514d89c62eef3d19,StormPigs20030910_1_20030910dvdtitle.mp4,1
bb792fefd5c6b758bb56a734514d89c62eef3d19,StormPigs20030910_2_thesmackdown.mp4,2
bb792fefd5c6b758bb56a734514d89c62eef3d19,StormPigs20030910_3_straighteye.mp4,3
bb792fefd5c6b758bb56a734514d89c62eef3d19,StormPigs20030910_4_snowballfromhell.mp4,4
bb792fefd5c6b758bb56a734514d89c62eef3d19,StormPigs20030910_5_limitedrespect.mp4,5
bb792fefd5c6b758bb56a734514d89c62eef3d19,StormPigs20030910_6_christmashedied.mp4,6
bb792fefd5c6b758bb56a734514d89c62eef3d19,StormPigs20030910_7_sounding.mp4,7
bb792fefd5c6b758bb56a734514d89c62eef3d19,StormPigs20030910_8_CurtisMartin.mp4,8
288f7921374e4206f01ce750699b63b6df2bba09,20041221_1.mp3,1
288f7921374e4206f01ce750699b63b6df2bba09,20041221_2.mp3,2
288f7921374e4206f01ce750699b63b6df2bba09,20041221_3.mp3,3
288f7921374e4206f01ce750699b63b6df2bba09,20041221_4.mp3,4
288f7921374e4206f01ce750699b63b6df2bba09,20041221_5.mp3,5
a4a8d0b23d2043554763adbcffe79606915bd35b,20050303_1.mp3,1
a4a8d0b23d2043554763adbcffe79606915bd35b,20050303_10.mp3,2
a4a8d0b23d2043554763adbcffe79606915bd35b,20050303_2.mp3,3
a4a8d0b23d2043554763adbcffe79606915bd35b,20050303_3.mp3,4
a4a8d0b23d2043554763adbcffe79606915bd35b,20050303_4.mp3,5
a4a8d0b23d2043554763adbcffe79606915bd35b,20050303_5.mp3,6
a4a8d0b23d2043554763adbcffe79606915bd35b,20050303_6.mp3,7
a4a8d0b23d2043554763adbcffe79606915bd35b,20050303_7.mp3,8
a4a8d0b23d2043554763adbcffe79606915bd35b,20050303_8.mp3,9
a4a8d0b23d2043554763adbcffe79606915bd35b,20050303_9.mp3,10
d94d1b516ee10618286d522ca9da9316345ab56e,StormPigs20050721_1_Exposed.mp4,1
d94d1b516ee10618286d522ca9da9316345ab56e,StormPigs20050721_2_DeathValley.mp4,2
d94d1b516ee10618286d522ca9da9316345ab56e,StormPigs20050721_3_PumpkinSongRockAgainstTerror.mp4,3
d94d1b516ee10618286d522ca9da9316345ab56e,StormPigs20050721_4_RammingSpeed.mp4,4
d94d1b516ee10618286d522ca9da9316345ab56e,StormPigs20050721_5_filthyinterlude.mp4,5
d94d1b516ee10618286d522ca9da9316345ab56e,StormPigs20050721_6_NothingbutBadNoose.mp4,6
d94d1b516ee10618286d522ca9da9316345ab56e,StormPigs20050721_7_IsThistheCaribbean.mp4,7
d94d1b516ee10618286d522ca9da9316345ab56e,StormPigs20050721_8_TownCalledMalice.mp4,8
d94d1b516ee10618286d522ca9da9316345ab56e,StormPigs20050721_9_Sparks.mp4,9
d94d1b516ee10618286d522ca9da9316345ab56e,StormPigs20050721_10_SympathyforelSpaceDiablo.mp4,10
d94d1b516ee10618286d522ca9da9316345ab56e,StormPigs20050721_11_TheJokerDrunkenBoxingremix-MyScrotum.mp4,11
d94d1b516ee10618286d522ca9da9316345ab56e,StormPigs20050721_12_DidntKnowWhatIDidntKnow.mp4,12
d94d1b516ee10618286d522ca9da9316345ab56e,StormPigs20050721_13_NoTurningBack.mp4,13
0de6839c32cf4298a68abbd502d946228f0cfb04,StormPigs20060406_1_1.mp4,1
0de6839c32cf4298a68abbd502d946228f0cfb04,StormPigs20060406_2_2.mp4,2
0de6839c32cf4298a68abbd502d946228f0cfb04,StormPigs20060406_3_3.mp4,3
0de6839c32cf4298a68abbd502d946228f0cfb04,StormPigs20060406_4_mary.mp4,4
0de6839c32cf4298a68abbd502d946228f0cfb04,StormPigs20060406_5_5.mp4,5
0de6839c32cf4298a68abbd502d946228f0cfb04,StormPigs20060406_6_hallucination.mp4,6
0de6839c32cf4298a68abbd502d946228f0cfb04,StormPigs20060406_7_7.mp4,7
0de6839c32cf4298a68abbd502d946228f0cfb04,StormPigs20060406_8_8.mp4,8
0de6839c32cf4298a68abbd502d946228f0cfb04,StormPigs20060406_9_9.mp4,9
0de6839c32cf4298a68abbd502d946228f0cfb04,StormPigs20060406_10_10.mp4,10
0de6839c32cf4298a68abbd502d946228f0cfb04,StormPigs20060406_11_introducing.mp4,11
dae34e0e299e611afa0e6f61f8146494463486d1,StormPigs20060627_1_GetOff.mp4,1
dae34e0e299e611afa0e6f61f8146494463486d1,StormPigs20060627_2_Wallace.mp4,2
dae34e0e299e611afa0e6f61f8146494463486d1,StormPigs20060627_3_Break.mp4,3
dae34e0e299e611afa0e6f61f8146494463486d1,StormPigs20060627_4_ShoutOutfromtheCloset.mp4,4
dae34e0e299e611afa0e6f61f8146494463486d1,StormPigs20060627_5_ExtraneousMatter.mp4,5
dae34e0e299e611afa0e6f61f8146494463486d1,StormPigs20060627_6_MeanRide.mp4,6
dae34e0e299e611afa0e6f61f8146494463486d1,StormPigs20060627_7_NoAlternative.mp4,7
d98561e5f0e000633651162ea856e7903de6a566,StormPigs20060831_10_MaestroPlease.mp4,1
d98561e5f0e000633651162ea856e7903de6a566,StormPigs20060831_11_IRememberYou.mp4,2
d98561e5f0e000633651162ea856e7903de6a566,StormPigs20060831_12_SilverLining.mp4,3
d98561e5f0e000633651162ea856e7903de6a566,StormPigs20060831_13_WashedAway.mp4,4
d98561e5f0e000633651162ea856e7903de6a566,StormPigs20060831_14_Punked.mp4,5
d98561e5f0e000633651162ea856e7903de6a566,StormPigs20060831_1_DamnSpirograph.mp4,6
d98561e5f0e000633651162ea856e7903de6a566,StormPigs20060831_2_WeeYoYo.mp4,7
d98561e5f0e000633651162ea856e7903de6a566,StormPigs20060831_3_DigThatHoleChineseDemocracy.mp4,8
d98561e5f0e000633651162ea856e7903de6a566,StormPigs20060831_4_SummerNightFeelin.mp4,9
d98561e5f0e000633651162ea856e7903de6a566,StormPigs20060831_5_HardLuckSemaphoreMonkey.mp4,10
d98561e5f0e000633651162ea856e7903de6a566,StormPigs20060831_6_Blues.mp4,11
d98561e5f0e000633651162ea856e7903de6a566,StormPigs20060831_7_NastyDancer.mp4,12
d98561e5f0e000633651162ea856e7903de6a566,StormPigs20060831_8_Infusion.mp4,13
d98561e5f0e000633651162ea856e7903de6a566,StormPigs20060831_9_CloudsofAsphalt.mp4,14
ea07bc9e2d8b7f3d49c2f1badc6d5db993f142d5,StormPigs20061102_1_Intro.mp4,1
ea07bc9e2d8b7f3d49c2f1badc6d5db993f142d5,StormPigs20061102_2_Mudslide.mp4,2
ea07bc9e2d8b7f3d49c2f1badc6d5db993f142d5,StormPigs20061102_3_GoodDontMatterNoMo.mp4,3
ea07bc9e2d8b7f3d49c2f1badc6d5db993f142d5,StormPigs20061102_4_HunkaChunka.mp4,4
ea07bc9e2d8b7f3d49c2f1badc6d5db993f142d5,StormPigs20061102_5_Hi.mp4,5
ea07bc9e2d8b7f3d49c2f1badc6d5db993f142d5,StormPigs20061102_6_LapItUpTheHardThing.mp4,6
ea07bc9e2d8b7f3d49c2f1badc6d5db993f142d5,StormPigs20061102_7_PetriDish.mp4,7
ea07bc9e2d8b7f3d49c2f1badc6d5db993f142d5,StormPigs20061102_8_ForTheMoney.mp4,8
ea07bc9e2d8b7f3d49c2f1badc6d5db993f142d5,StormPigs20061102_9_AttackShipsoffTheShoulderofOrion.mp4,9
a1069804c073a77c51f37d009fca304278926ca7,StormPigs20070111_10_SurfStylings.mp4,1
a1069804c073a77c51f37d009fca304278926ca7,StormPigs20070111_11_GAK.mp4,2
a1069804c073a77c51f37d009fca304278926ca7,StormPigs20070111_12_EvertheBrighter.mp4,3
a1069804c073a77c51f37d009fca304278926ca7,StormPigs20070111_13_ForceFed.mp4,4
a1069804c073a77c51f37d009fca304278926ca7,StormPigs20070111_1_DramaticIntroduction.mp4,5
a1069804c073a77c51f37d009fca304278926ca7,StormPigs20070111_2_BringthePain.mp4,6
a1069804c073a77c51f37d009fca304278926ca7,StormPigs20070111_3_DigaLittleDeeper.mp4,7
a1069804c073a77c51f37d009fca304278926ca7,StormPigs20070111_4_SpaceHo.mp4,8
a1069804c073a77c51f37d009fca304278926ca7,StormPigs20070111_5_NumbaOneConcept.mp4,9
a1069804c073a77c51f37d009fca304278926ca7,StormPigs20070111_6_geetarcommentary.mp4,10
a1069804c073a77c51f37d009fca304278926ca7,StormPigs20070111_7_FarFromHome.mp4,11
a1069804c073a77c51f37d009fca304278926ca7,StormPigs20070111_8_CaughtintheMiddle.mp4,12
a1069804c073a77c51f37d009fca304278926ca7,StormPigs20070111_9_OpenedMyThirdEye.mp4,13
6a23667f400438664f1f3875310eb4ffe94465cb,StormPigs20070113_1_ThatsIt.mp4,1
4854f9d8d2eb4c790e32a0477ca6c406c7b1bd98,StormPigs20070227_1_tosurfandprotect.mp4,1
4854f9d8d2eb4c790e32a0477ca6c406c7b1bd98,StormPigs20070227_2_wegottheplums.mp4,2
4854f9d8d2eb4c790e32a0477ca6c406c7b1bd98,StormPigs20070227_3_sweetnoodle.mp4,3
4854f9d8d2eb4c790e32a0477ca6c406c7b1bd98,StormPigs20070227_4_introductionofmaximus.mp4,4
4854f9d8d2eb4c790e32a0477ca6c406c7b1bd98,StormPigs20070227_5_showontheroad.mp4,5
4854f9d8d2eb4c790e32a0477ca6c406c7b1bd98,StormPigs20070227_6_fagenscat.mp4,6
4854f9d8d2eb4c790e32a0477ca6c406c7b1bd98,StormPigs20070227_7_sonicbullet.mp4,7
4854f9d8d2eb4c790e32a0477ca6c406c7b1bd98,StormPigs20070227_8_searchingforsomething.mp4,8
4854f9d8d2eb4c790e32a0477ca6c406c7b1bd98,StormPigs20070227_9_muddybethemwaters.mp4,9
579aecf399cde318fd91a1194464f9d234139a33,StormPigs20070912_10_HillbillyBlues.mp4,1
579aecf399cde318fd91a1194464f9d234139a33,StormPigs20070912_11_WhatIsItYouSayYouDoHere.mp4,2
579aecf399cde318fd91a1194464f9d234139a33,StormPigs20070912_12_keyboardistbreakdown.mp4,3
579aecf399cde318fd91a1194464f9d234139a33,StormPigs20070912_13_CantPleaseemAlltheTime.mp4,4
579aecf399cde318fd91a1194464f9d234139a33,StormPigs20070912_14_DiscoVolante.mp4,5
579aecf399cde318fd91a1194464f9d234139a33,StormPigs20070912_1_eyeopener.mp4,6
579aecf399cde318fd91a1194464f9d234139a33,StormPigs20070912_2_JimmyJazz.mp4,7
579aecf399cde318fd91a1194464f9d234139a33,StormPigs20070912_3_drumintermezzo.mp4,8
579aecf399cde318fd91a1194464f9d234139a33,StormPigs20070912_4_RoadRunner.mp4,9
579aecf399cde318fd91a1194464f9d234139a33,StormPigs20070912_5_ItistheQuestion.mp4,10
579aecf399cde318fd91a1194464f9d234139a33,StormPigs20070912_6_TheEye.mp4,11
579aecf399cde318fd91a1194464f9d234139a33,StormPigs20070912_7_Ragnorok.mp4,12
579aecf399cde318fd91a1194464f9d234139a33,StormPigs20070912_8_NickelandDime.mp4,13
579aecf399cde318fd91a1194464f9d234139a33,StormPigs20070912_9_AK.mp4,14
aaa38b74ae871764207ddc4b72154ad3935c2c20,StormPigs20080206_10_goingnowhere.mp4,1
aaa38b74ae871764207ddc4b72154ad3935c2c20,StormPigs20080206_11_inthelineofi.mp4,2
aaa38b74ae871764207ddc4b72154ad3935c2c20,StormPigs20080206_12_democrew.mp4,3
aaa38b74ae871764207ddc4b72154ad3935c2c20,StormPigs20080206_13_drunksong.mp4,4
aaa38b74ae871764207ddc4b72154ad3935c2c20,StormPigs20080206_14_shortandsour.mp4,5
aaa38b74ae871764207ddc4b72154ad3935c2c20,StormPigs20080206_15_whereveryougo.mp4,6
aaa38b74ae871764207ddc4b72154ad3935c2c20,StormPigs20080206_16_poundingthepavement.mp4,7
aaa38b74ae871764207ddc4b72154ad3935c2c20,StormPigs20080206_17_PeterGunn.mp4,8
aaa38b74ae871764207ddc4b72154ad3935c2c20,StormPigs20080206_1_keepmewhole.mp4,9
aaa38b74ae871764207ddc4b72154ad3935c2c20,StormPigs20080206_2_ludefueled.mp4,10
aaa38b74ae871764207ddc4b72154ad3935c2c20,StormPigs20080206_3_bluesgroove.mp4,11
aaa38b74ae871764207ddc4b72154ad3935c2c20,StormPigs20080206_4_sweethoneyjah.mp4,12
aaa38b74ae871764207ddc4b72154ad3935c2c20,StormPigs20080206_5_noodlesoup.mp4,13
aaa38b74ae871764207ddc4b72154ad3935c2c20,StormPigs20080206_6_takethefngloadoff.mp4,14
aaa38b74ae871764207ddc4b72154ad3935c2c20,StormPigs20080206_7_wheresCarlos.mp4,15
aaa38b74ae871764207ddc4b72154ad3935c2c20,StormPigs20080206_8_takecarepeople.mp4,16
aaa38b74ae871764207ddc4b72154ad3935c2c20,StormPigs20080206_9_grindhouse.mp4,17
0317be31fbc6a1cd944acb58a36b3141ba88980b,StormPigs20080403_1_rootingaround.mp4,1
0317be31fbc6a1cd944acb58a36b3141ba88980b,StormPigs20080403_2_sometimeshoney.mp4,2
0317be31fbc6a1cd944acb58a36b3141ba88980b,StormPigs20080403_3_interrogative.mp4,3
0317be31fbc6a1cd944acb58a36b3141ba88980b,StormPigs20080403_4_betterdays.mp4,4
0317be31fbc6a1cd944acb58a36b3141ba88980b,StormPigs20080403_5_thinkingoutloud.mp4,5
0317be31fbc6a1cd944acb58a36b3141ba88980b,StormPigs20080403_6_TheTraveler.mp4,6
0317be31fbc6a1cd944acb58a36b3141ba88980b,StormPigs20080403_7_sneakyboy.mp4,7
c623238a21022945b75fbcb1645492fc7d70225f,StormPigs20080821_10_PedroNormo.mp4,1
c623238a21022945b75fbcb1645492fc7d70225f,StormPigs20080821_11_AnkhsimusFunk.mp4,2
c623238a21022945b75fbcb1645492fc7d70225f,StormPigs20080821_12_GoodnightLadiesandGentlemen.mp4,3
c623238a21022945b75fbcb1645492fc7d70225f,StormPigs20080821_1_SomeonesKnocking.mp4,4
c623238a21022945b75fbcb1645492fc7d70225f,StormPigs20080821_2_ZepItUp.mp4,5
c623238a21022945b75fbcb1645492fc7d70225f,StormPigs20080821_3_Rhinoceros.mp4,6
c623238a21022945b75fbcb1645492fc7d70225f,StormPigs20080821_4_PrideNJoy.mp4,7
c623238a21022945b75fbcb1645492fc7d70225f,StormPigs20080821_5_A.mp4,8
c623238a21022945b75fbcb1645492fc7d70225f,StormPigs20080821_6_CircadianRhythym.mp4,9
c623238a21022945b75fbcb1645492fc7d70225f,StormPigs20080821_7_DeadforYou.mp4,10
c623238a21022945b75fbcb1645492fc7d70225f,StormPigs20080821_8_nevertogether.mp4,11
c623238a21022945b75fbcb1645492fc7d70225f,StormPigs20080821_9_WhitePeopleJohnMcCainis.mp4,12
029eb9a3cdf38a76700df46179335a54da5141f1,StormPigs20081016_1_firstgear.mp4,1
029eb9a3cdf38a76700df46179335a54da5141f1,StormPigs20081016_2_candy.mp4,2
029eb9a3cdf38a76700df46179335a54da5141f1,StormPigs20081016_3_taleofelgordo.mp4,3
029eb9a3cdf38a76700df46179335a54da5141f1,StormPigs20081016_4_rollya.mp4,4
029eb9a3cdf38a76700df46179335a54da5141f1,StormPigs20081016_5_sleptontheFagain.mp4,5
029eb9a3cdf38a76700df46179335a54da5141f1,StormPigs20081016_6_noeasypiece.mp4,6
029eb9a3cdf38a76700df46179335a54da5141f1,StormPigs20081016_7_wecandothat.mp4,7
029eb9a3cdf38a76700df46179335a54da5141f1,StormPigs20081016_8_journeyof1000miles.mp4,8
029eb9a3cdf38a76700df46179335a54da5141f1,StormPigs20081016_9_thesign.mp4,9
825ed9250ec373c72a995c1341678a6c476a94d1,StormPigs20081030_10_mababee.mp4,1
825ed9250ec373c72a995c1341678a6c476a94d1,StormPigs20081030_11_esotericswamp.mp4,2
825ed9250ec373c72a995c1341678a6c476a94d1,StormPigs20081030_1_shakeitloose.mp4,3
825ed9250ec373c72a995c1341678a6c476a94d1,StormPigs20081030_2_socialcommentary.mp4,4
825ed9250ec373c72a995c1341678a6c476a94d1,StormPigs20081030_3_happyman.mp4,5
825ed9250ec373c72a995c1341678a6c476a94d1,StormPigs20081030_4_stillonmymind.mp4,6
825ed9250ec373c72a995c1341678a6c476a94d1,StormPigs20081030_5_joetheplumber.mp4,7
825ed9250ec373c72a995c1341678a6c476a94d1,StormPigs20081030_6_countryfuckstomp.mp4,8
825ed9250ec373c72a995c1341678a6c476a94d1,StormPigs20081030_7_barethemark.mp4,9
825ed9250ec373c72a995c1341678a6c476a94d1,StormPigs20081030_8_sativa.mp4,10
825ed9250ec373c72a995c1341678a6c476a94d1,StormPigs20081030_9_littledose.mp4,11
474c508451e230613e892bc5507e673331e99257,StormPigs20090226_10_TheCuckhold.mp4,1
474c508451e230613e892bc5507e673331e99257,StormPigs20090226_11_songtobesoldtonissan.mp4,2
474c508451e230613e892bc5507e673331e99257,StormPigs20090226_12_TheAmero.mp4,3
474c508451e230613e892bc5507e673331e99257,StormPigs20090226_13_RepublicanBlues.mp4,4
474c508451e230613e892bc5507e673331e99257,StormPigs20090226_14_BedsTooBigWithoutYou.mp4,5
474c508451e230613e892bc5507e673331e99257,StormPigs20090226_15_SweetJane.mp4,6
474c508451e230613e892bc5507e673331e99257,StormPigs20090226_1_CreepinUp.mp4,7
474c508451e230613e892bc5507e673331e99257,StormPigs20090226_2_KickItOver.mp4,8
474c508451e230613e892bc5507e673331e99257,StormPigs20090226_3_HazardCondition.mp4,9
474c508451e230613e892bc5507e673331e99257,StormPigs20090226_4_noodleblues.mp4,10
474c508451e230613e892bc5507e673331e99257,StormPigs20090226_5_ArneSaknussemm.mp4,11
474c508451e230613e892bc5507e673331e99257,StormPigs20090226_6_AverageWhiteBoyBlues.mp4,12
474c508451e230613e892bc5507e673331e99257,StormPigs20090226_7_Git.mp4,13
474c508451e230613e892bc5507e673331e99257,StormPigs20090226_8_TheReligiousHour.mp4,14
474c508451e230613e892bc5507e673331e99257,StormPigs20090226_9_WeLovesDaLadies.mp4,15
9fc0fae2bf3b2005d691f3cc7c594959ccdf0489,StormPigs20090430_10_brandyourselfmonkey.mp4,1
9fc0fae2bf3b2005d691f3cc7c594959ccdf0489,StormPigs20090430_1_fightterror.mp4,2
9fc0fae2bf3b2005d691f3cc7c594959ccdf0489,StormPigs20090430_2_sunnyup.mp4,3
9fc0fae2bf3b2005d691f3cc7c594959ccdf0489,StormPigs20090430_3_utterthetruth.mp4,4
9fc0fae2bf3b2005d691f3cc7c594959ccdf0489,StormPigs20090430_4_tighties.mp4,5
9fc0fae2bf3b2005d691f3cc7c594959ccdf0489,StormPigs20090430_5_digitalclipping.mp4,6
9fc0fae2bf3b2005d691f3cc7c594959ccdf0489,StormPigs20090430_6_dullalarm.mp4,7
9fc0fae2bf3b2005d691f3cc7c594959ccdf0489,StormPigs20090430_7_seethroughyourskull.mp4,8
9fc0fae2bf3b2005d691f3cc7c594959ccdf0489,StormPigs20090430_8_terrorfromtheskies.mp4,9
9fc0fae2bf3b2005d691f3cc7c594959ccdf0489,StormPigs20090430_9_slowbank.mp4,10
5a49b342d5b40fe5cbc3d525295e571eb1ea7cd1,StormPigs20090514_10_fadeaway.mp4,1
5a49b342d5b40fe5cbc3d525295e571eb1ea7cd1,StormPigs20090514_11_proto.mp4,2
5a49b342d5b40fe5cbc3d525295e571eb1ea7cd1,StormPigs20090514_12_themerskdescended.mp4,3
5a49b342d5b40fe5cbc3d525295e571eb1ea7cd1,StormPigs20090514_13_overfortywiringissues.mp4,4
5a49b342d5b40fe5cbc3d525295e571eb1ea7cd1,StormPigs20090514_1_reignoverme.mp4,5
5a49b342d5b40fe5cbc3d525295e571eb1ea7cd1,StormPigs20090514_2_slippy.mp4,6
5a49b342d5b40fe5cbc3d525295e571eb1ea7cd1,StormPigs20090514_3_stormpigsasspat.mp4,7
5a49b342d5b40fe5cbc3d525295e571eb1ea7cd1,StormPigs20090514_4_warmuprocker.mp4,8
5a49b342d5b40fe5cbc3d525295e571eb1ea7cd1,StormPigs20090514_5_seborreahjazz.mp4,9
5a49b342d5b40fe5cbc3d525295e571eb1ea7cd1,StormPigs20090514_6_murrayhillbillyjam.mp4,10
5a49b342d5b40fe5cbc3d525295e571eb1ea7cd1,StormPigs20090514_7_milfcriesscotto.mp4,11
5a49b342d5b40fe5cbc3d525295e571eb1ea7cd1,StormPigs20090514_8_swabbedintherightplaces.mp4,12
5a49b342d5b40fe5cbc3d525295e571eb1ea7cd1,StormPigs20090514_9_twomanluge.mp4,13
f7ad33b02573a2466179b46872fd464f29f5243f,StormPigs20090603_1_thebigeasy.mp4,1
f7ad33b02573a2466179b46872fd464f29f5243f,StormPigs20090603_2_nowthatsrockandroll.mp4,2
f7ad33b02573a2466179b46872fd464f29f5243f,StormPigs20090603_3_lifecycle.mp4,3
f7ad33b02573a2466179b46872fd464f29f5243f,StormPigs20090603_4_whatswrongwithhappiness.mp4,4
f7ad33b02573a2466179b46872fd464f29f5243f,StormPigs20090603_5_islandrock.mp4,5
f7ad33b02573a2466179b46872fd464f29f5243f,StormPigs20090603_6_lafonque.mp4,6
f7ad33b02573a2466179b46872fd464f29f5243f,StormPigs20090603_7_theflavor.mp4,7
f7ad33b02573a2466179b46872fd464f29f5243f,StormPigs20090603_8_mordorblues.mp4,8
0721a757ebab38a223e2934ddcdaad4ba2c53e44,StormPigs20090730_1_abadtaste.mp4,1
0721a757ebab38a223e2934ddcdaad4ba2c53e44,StormPigs20090730_2_nycraga.mp4,2
0721a757ebab38a223e2934ddcdaad4ba2c53e44,StormPigs20090730_3_disjointedbitch.mp4,3
0721a757ebab38a223e2934ddcdaad4ba2c53e44,StormPigs20090730_4_anytimesforcefeeding.mp4,4
0721a757ebab38a223e2934ddcdaad4ba2c53e44,StormPigs20090730_5_myprincessfullofvice.mp4,5
0721a757ebab38a223e2934ddcdaad4ba2c53e44,StormPigs20090730_6_theplump.mp4,6
0721a757ebab38a223e2934ddcdaad4ba2c53e44,StormPigs20090730_7_faggotyjazz.mp4,7
0721a757ebab38a223e2934ddcdaad4ba2c53e44,StormPigs20090730_8_lowpassinterruptus.mp4,8
e7be4924a366b0bc09b7d28887b9a47f0f1f76a7,StormPigs20091215_1_mudderhead.mp4,1
e7be4924a366b0bc09b7d28887b9a47f0f1f76a7,StormPigs20091215_2_spaces.mp4,2
e7be4924a366b0bc09b7d28887b9a47f0f1f76a7,StormPigs20091215_3_velvetglambag.mp4,3
e7be4924a366b0bc09b7d28887b9a47f0f1f76a7,StormPigs20091215_4_leaveroomfordaddy.mp4,4
e7be4924a366b0bc09b7d28887b9a47f0f1f76a7,StormPigs20091215_5_hedtrip.mp4,5
e7be4924a366b0bc09b7d28887b9a47f0f1f76a7,StormPigs20091215_6_gowanus.mp4,6
2f14fc1b7889531c0e204ef6a8df38d5e6aa8224,StormPigs20100128_10_desperado.mp4,1
2f14fc1b7889531c0e204ef6a8df38d5e6aa8224,StormPigs20100128_11_peachulator.mp4,2
2f14fc1b7889531c0e204ef6a8df38d5e6aa8224,StormPigs20100128_1_workerbee.mp4,3
2f14fc1b7889531c0e204ef6a8df38d5e6aa8224,StormPigs20100128_2_bigpan.mp4,4
2f14fc1b7889531c0e204ef6a8df38d5e6aa8224,StormPigs20100128_3_ridiculousinterlude.mp4,5
2f14fc1b7889531c0e204ef6a8df38d5e6aa8224,StormPigs20100128_4_bikerboothoney.mp4,6
2f14fc1b7889531c0e204ef6a8df38d5e6aa8224,StormPigs20100128_5_hunter-thrilla.mp4,7
2f14fc1b7889531c0e204ef6a8df38d5e6aa8224,StormPigs20100128_6_bloodshedattheotb.mp4,8
2f14fc1b7889531c0e204ef6a8df38d5e6aa8224,StormPigs20100128_7_wetphallus.mp4,9
2f14fc1b7889531c0e204ef6a8df38d5e6aa8224,StormPigs20100128_8_cakebloch.mp4,10
2f14fc1b7889531c0e204ef6a8df38d5e6aa8224,StormPigs20100128_9_herestotheyellownblue.mp4,11
9d45e5c3c43f38931baa01fd9241aed67c264d1c,StormPigs20100926_1_fakeplastictrees.mp4,1
9d45e5c3c43f38931baa01fd9241aed67c264d1c,StormPigs20100926_2_heartbreakerjam.mp4,2
9d45e5c3c43f38931baa01fd9241aed67c264d1c,StormPigs20100926_3_blockhead.mp4,3
9d45e5c3c43f38931baa01fd9241aed67c264d1c,StormPigs20100926_4_countryroad.mp4,4
9d45e5c3c43f38931baa01fd9241aed67c264d1c,StormPigs20100926_5_asgodmademe.mp4,5
9d45e5c3c43f38931baa01fd9241aed67c264d1c,StormPigs20100926_6_honkytank.mp4,6
9d45e5c3c43f38931baa01fd9241aed67c264d1c,StormPigs20100926_7_bayoustomp.mp4,7
9d45e5c3c43f38931baa01fd9241aed67c264d1c,StormPigs20100926_8_lowenergywoes.mp4,8
9d45e5c3c43f38931baa01fd9241aed67c264d1c,StormPigs20100926_9_bigoleriver.mp4,9
8333b889dd30af3ea80e9b9bf0fab64fd6a9f925,StormPigs20101028_10_johnnyb.mp4,1
8333b889dd30af3ea80e9b9bf0fab64fd6a9f925,StormPigs20101028_1_getback.mp4,2
8333b889dd30af3ea80e9b9bf0fab64fd6a9f925,StormPigs20101028_2_canthardlywait.mp4,3
8333b889dd30af3ea80e9b9bf0fab64fd6a9f925,StormPigs20101028_3_rambleon.mp4,4
8333b889dd30af3ea80e9b9bf0fab64fd6a9f925,StormPigs20101028_4_comfortzone.mp4,5
8333b889dd30af3ea80e9b9bf0fab64fd6a9f925,StormPigs20101028_5_intermezzo.mp4,6
8333b889dd30af3ea80e9b9bf0fab64fd6a9f925,StormPigs20101028_6_midnightrambler.mp4,7
8333b889dd30af3ea80e9b9bf0fab64fd6a9f925,StormPigs20101028_7_nowingedpig.mp4,8
8333b889dd30af3ea80e9b9bf0fab64fd6a9f925,StormPigs20101028_8_nightdescent.mp4,9
8333b889dd30af3ea80e9b9bf0fab64fd6a9f925,StormPigs20101028_9_sympathetiqueadiablo.mp4,10
4eca858934531e3edf0b543413b453f68226d733,StormPigs20101228_10_holidayjoy.mp4,1
4eca858934531e3edf0b543413b453f68226d733,StormPigs20101228_11_finearabcharger.mp4,2
4eca858934531e3edf0b543413b453f68226d733,StormPigs20101228_12_fringthebunk.mp4,3
4eca858934531e3edf0b543413b453f68226d733,StormPigs20101228_13_debtville.mp4,4
4eca858934531e3edf0b543413b453f68226d733,StormPigs20101228_14_butwhoarewetosay.mp4,5
4eca858934531e3edf0b543413b453f68226d733,StormPigs20101228_1_pump.mp4,6
4eca858934531e3edf0b543413b453f68226d733,StormPigs20101228_2_heartattackblues.mp4,7
4eca858934531e3edf0b543413b453f68226d733,StormPigs20101228_3_laydownevilG.mp4,8
4eca858934531e3edf0b543413b453f68226d733,StormPigs20101228_4_fBooked.mp4,9
4eca858934531e3edf0b543413b453f68226d733,StormPigs20101228_5_charam.mp4,10
4eca858934531e3edf0b543413b453f68226d733,StormPigs20101228_6_dirtysanchez.mp4,11
4eca858934531e3edf0b543413b453f68226d733,StormPigs20101228_7_faith.mp4,12
4eca858934531e3edf0b543413b453f68226d733,StormPigs20101228_8_vietnamistan.mp4,13
4eca858934531e3edf0b543413b453f68226d733,StormPigs20101228_9_thatsnotahatthatsacabbage.mp4,14
6e2254f7b96a7f4ad7e58f3ea39ff340bde0a85b,StormPigs20121126_10_crashdive.mp4,1
6e2254f7b96a7f4ad7e58f3ea39ff340bde0a85b,StormPigs20121126_11_beenherebefore.mp4,2
6e2254f7b96a7f4ad7e58f3ea39ff340bde0a85b,StormPigs20121126_12_tightywhiteys.mp4,3
6e2254f7b96a7f4ad7e58f3ea39ff340bde0a85b,StormPigs20121126_13_gotstastaypositive.mp4,4
6e2254f7b96a7f4ad7e58f3ea39ff340bde0a85b,StormPigs20121126_14_noreprieve_bolts.mp4,5
6e2254f7b96a7f4ad7e58f3ea39ff340bde0a85b,StormPigs20121126_1_channelingFrank.mp4,6
6e2254f7b96a7f4ad7e58f3ea39ff340bde0a85b,StormPigs20121126_2_peach-ykeen.mp4,7
6e2254f7b96a7f4ad7e58f3ea39ff340bde0a85b,StormPigs20121126_3_letitgo.mp4,8
6e2254f7b96a7f4ad7e58f3ea39ff340bde0a85b,StormPigs20121126_4_sidestreetscam.mp4,9
6e2254f7b96a7f4ad7e58f3ea39ff340bde0a85b,StormPigs20121126_5_freshasadaisy.mp4,10
6e2254f7b96a7f4ad7e58f3ea39ff340bde0a85b,StormPigs20121126_6_sightforsoreeyes.mp4,11
6e2254f7b96a7f4ad7e58f3ea39ff340bde0a85b,StormPigs20121126_7_munstersgroove.mp4,12
6e2254f7b96a7f4ad7e58f3ea39ff340bde0a85b,StormPigs20121126_8_boywantsasalad.mp4,13
6e2254f7b96a7f4ad7e58f3ea39ff340bde0a85b,StormPigs20121126_9_hillibillyhop.mp4,14
b9672d39ca9e7533abd4a3d8117fe8284fb52bfa,StormPigs20131119_1_radicalnewworld.mp4,1
b9672d39ca9e7533abd4a3d8117fe8284fb52bfa,StormPigs20131119_2_attachyourself.mp4,2
b9672d39ca9e7533abd4a3d8117fe8284fb52bfa,StormPigs20131119_3_sexysuburbansm.mp4,3
b9672d39ca9e7533abd4a3d8117fe8284fb52bfa,StormPigs20131119_4_inthebeginning.mp4,4
b9672d39ca9e7533abd4a3d8117fe8284fb52bfa,StormPigs20131119_5_pchoffrant.mp4,5
b9672d39ca9e7533abd4a3d8117fe8284fb52bfa,StormPigs20131119_6_musicbizwoes.mp4,6
b9672d39ca9e7533abd4a3d8117fe8284fb52bfa,StormPigs20131119_7_austriandancegroove.mp4,7
b9672d39ca9e7533abd4a3d8117fe8284fb52bfa,StormPigs20131119_8_submission.mp4,8
b9672d39ca9e7533abd4a3d8117fe8284fb52bfa,StormPigs20131119_9_psycosmicstrokejob.mp4,9
b665d9ca26152e81df93679e687261c5c23299d5,StormPigs20131227_10_likeanangel.mp4,1
b665d9ca26152e81df93679e687261c5c23299d5,StormPigs20131227_11_thewheelturns.mp4,2
b665d9ca26152e81df93679e687261c5c23299d5,StormPigs20131227_12_sevenyearblues.mp4,3
b665d9ca26152e81df93679e687261c5c23299d5,StormPigs20131227_13_straycatoutro.mp4,4
b665d9ca26152e81df93679e687261c5c23299d5,StormPigs20131227_1_balladofskinnynick.mp4,5
b665d9ca26152e81df93679e687261c5c23299d5,StormPigs20131227_2_astormpigsholidaytoast.mp4,6
b665d9ca26152e81df93679e687261c5c23299d5,StormPigs20131227_3_vfwrfd.mp4,7
b665d9ca26152e81df93679e687261c5c23299d5,StormPigs20131227_4_thisbottle.mp4,8
b665d9ca26152e81df93679e687261c5c23299d5,StormPigs20131227_5_playthegame.mp4,9
b665d9ca26152e81df93679e687261c5c23299d5,StormPigs20131227_6_wolvesandlambs.mp4,10
b665d9ca26152e81df93679e687261c5c23299d5,StormPigs20131227_7_whatishappening.mp4,11
b665d9ca26152e81df93679e687261c5c23299d5,StormPigs20131227_8_justareprise.mp4,12
b665d9ca26152e81df93679e687261c5c23299d5,StormPigs20131227_9_dig.mp4,13
e6f87f8a0b19d579ffebc08e2e5424a71b3bfa81,StormPigs20140416_10_jellybean.mp4,1
e6f87f8a0b19d579ffebc08e2e5424a71b3bfa81,StormPigs20140416_11_youalwaysdo.mp4,2
e6f87f8a0b19d579ffebc08e2e5424a71b3bfa81,StormPigs20140416_12_rollingroove.mp4,3
e6f87f8a0b19d579ffebc08e2e5424a71b3bfa81,StormPigs20140416_13_sweetestalibi.mp4,4
e6f87f8a0b19d579ffebc08e2e5424a71b3bfa81,StormPigs20140416_14_introductions.mp4,5
e6f87f8a0b19d579ffebc08e2e5424a71b3bfa81,StormPigs20140416_1_igotwood.mp4,6
e6f87f8a0b19d579ffebc08e2e5424a71b3bfa81,StormPigs20140416_2_shutup.mp4,7
e6f87f8a0b19d579ffebc08e2e5424a71b3bfa81,StormPigs20140416_3_cocoonboys.mp4,8
e6f87f8a0b19d579ffebc08e2e5424a71b3bfa81,StormPigs20140416_4_kingkong.mp4,9
e6f87f8a0b19d579ffebc08e2e5424a71b3bfa81,StormPigs20140416_5_hardrocker.mp4,10
e6f87f8a0b19d579ffebc08e2e5424a71b3bfa81,StormPigs20140416_6_lebatree.mp4,11
e6f87f8a0b19d579ffebc08e2e5424a71b3bfa81,StormPigs20140416_7_heblows.mp4,12
e6f87f8a0b19d579ffebc08e2e5424a71b3bfa81,StormPigs20140416_8_rumblintrain.mp4,13
e6f87f8a0b19d579ffebc08e2e5424a71b3bfa81,StormPigs20140416_9_dimthelights.mp4,14
f79a771da2abed63b9190d153e060b796956208d,StormPigs20140807_10_grinderredux.mp4,1
f79a771da2abed63b9190d153e060b796956208d,StormPigs20140807_11_ifyouleavemenow.mp4,2
f79a771da2abed63b9190d153e060b796956208d,StormPigs20140807_12_sissifoot.mp4,3
f79a771da2abed63b9190d153e060b796956208d,StormPigs20140807_13_shine.mp4,4
f79a771da2abed63b9190d153e060b796956208d,StormPigs20140807_14_thirdsowfromthesun.mp4,5
f79a771da2abed63b9190d153e060b796956208d,StormPigs20140807_1_shakeit.mp4,6
f79a771da2abed63b9190d153e060b796956208d,StormPigs20140807_2_holesonthewalls.mp4,7
f79a771da2abed63b9190d153e060b796956208d,StormPigs20140807_3_blueshat.mp4,8
f79a771da2abed63b9190d153e060b796956208d,StormPigs20140807_4_hotmess.mp4,9
f79a771da2abed63b9190d153e060b796956208d,StormPigs20140807_5_mulesque.mp4,10
f79a771da2abed63b9190d153e060b796956208d,StormPigs20140807_6_intermission.mp4,11
f79a771da2abed63b9190d153e060b796956208d,StormPigs20140807_7_mothershegone.mp4,12
f79a771da2abed63b9190d153e060b796956208d,StormPigs20140807_8_squidproquo.mp4,13
f79a771da2abed63b9190d153e060b796956208d,StormPigs20140807_9_newrepublic.mp4,14
0f4d92fd1b6de54460828c604897836cf0665417,StormPigs20141227_10_30stshuffle.mp4,1
0f4d92fd1b6de54460828c604897836cf0665417,StormPigs20141227_11_herecomethenatives.mp4,2
0f4d92fd1b6de54460828c604897836cf0665417,StormPigs20141227_12_hornofscarcity.mp4,3
0f4d92fd1b6de54460828c604897836cf0665417,StormPigs20141227_1_littlewing.mp4,4
0f4d92fd1b6de54460828c604897836cf0665417,StormPigs20141227_2_domino.mp4,5
0f4d92fd1b6de54460828c604897836cf0665417,StormPigs20141227_3_christmassonginminor.mp4,6
0f4d92fd1b6de54460828c604897836cf0665417,StormPigs20141227_4_cowboysong.mp4,7
0f4d92fd1b6de54460828c604897836cf0665417,StormPigs20141227_5_300lbsofjoy.mp4,8
0f4d92fd1b6de54460828c604897836cf0665417,StormPigs20141227_6_carousel.mp4,9
0f4d92fd1b6de54460828c604897836cf0665417,StormPigs20141227_7_thewhipporwillandthewolf.mp4,10
0f4d92fd1b6de54460828c604897836cf0665417,StormPigs20141227_8_thankyouknobcreek.mp4,11
0f4d92fd1b6de54460828c604897836cf0665417,StormPigs20141227_9_encounter.mp4,12
3cbcfe4d3f94d5f980f648a94241b0a6e8911b49,StormPigs20150611_10_eastersunday.mp4,1
3cbcfe4d3f94d5f980f648a94241b0a6e8911b49,StormPigs20150611_1_makeitresonate.mp4,2
3cbcfe4d3f94d5f980f648a94241b0a6e8911b49,StormPigs20150611_2_experiment456.mp4,3
3cbcfe4d3f94d5f980f648a94241b0a6e8911b49,StormPigs20150611_3_indefenseofsteel.mp4,4
3cbcfe4d3f94d5f980f648a94241b0a6e8911b49,StormPigs20150611_4_swampyinnards.mp4,5
3cbcfe4d3f94d5f980f648a94241b0a6e8911b49,StormPigs20150611_5_speckofdust.mp4,6
3cbcfe4d3f94d5f980f648a94241b0a6e8911b49,StormPigs20150611_6_bleedinginthesand.mp4,7
3cbcfe4d3f94d5f980f648a94241b0a6e8911b49,StormPigs20150611_7_texasmohammed.mp4,8
3cbcfe4d3f94d5f980f648a94241b0a6e8911b49,StormPigs20150611_8_ghostofmaybelline.mp4,9
3cbcfe4d3f94d5f980f648a94241b0a6e8911b49,StormPigs20150611_9_deniroswisdom.mp4,10
d2ba97083f0397c4d8bb9428dc103737839fd6f4,StormPigs20150801_10_devilstooth.mp4,1
d2ba97083f0397c4d8bb9428dc103737839fd6f4,StormPigs20150801_11_contactpatch.mp4,2
d2ba97083f0397c4d8bb9428dc103737839fd6f4,StormPigs20150801_12_givethebassistsome.mp4,3
d2ba97083f0397c4d8bb9428dc103737839fd6f4,StormPigs20150801_1_heatinthetubes.mp4,4
d2ba97083f0397c4d8bb9428dc103737839fd6f4,StormPigs20150801_2_drool.mp4,5
d2ba97083f0397c4d8bb9428dc103737839fd6f4,StormPigs20150801_3_bassplorection.mp4,6
d2ba97083f0397c4d8bb9428dc103737839fd6f4,StormPigs20150801_4_dadinterlude.mp4,7
d2ba97083f0397c4d8bb9428dc103737839fd6f4,StormPigs20150801_5_bales.mp4,8
d2ba97083f0397c4d8bb9428dc103737839fd6f4,StormPigs20150801_6_myhoneydoanlikenoise.mp4,9
d2ba97083f0397c4d8bb9428dc103737839fd6f4,StormPigs20150801_7_mominterruptus.mp4,10
d2ba97083f0397c4d8bb9428dc103737839fd6f4,StormPigs20150801_8_masterbeatershistory.mp4,11
d2ba97083f0397c4d8bb9428dc103737839fd6f4,StormPigs20150801_9_howcanyouscrewupan.mp4,12
6e886ecf59c876ff2e50093dd68bd810722d77de,StormPigs20150919_10_babblingbrookrushingriverlazylake.mp4,1
6e886ecf59c876ff2e50093dd68bd810722d77de,StormPigs20150919_11_senseofwonder.mp4,2
6e886ecf59c876ff2e50093dd68bd810722d77de,StormPigs20150919_12_takeandyeshallreceive.mp4,3
6e886ecf59c876ff2e50093dd68bd810722d77de,StormPigs20150919_13_islandtheme.mp4,4
6e886ecf59c876ff2e50093dd68bd810722d77de,StormPigs20150919_1_whysoglum.mp4,5
6e886ecf59c876ff2e50093dd68bd810722d77de,StormPigs20150919_2_thehitchbroke.mp4,6
6e886ecf59c876ff2e50093dd68bd810722d77de,StormPigs20150919_3_countinghootiesblowfish.mp4,7
6e886ecf59c876ff2e50093dd68bd810722d77de,StormPigs20150919_4_stonesnicity.mp4,8
6e886ecf59c876ff2e50093dd68bd810722d77de,StormPigs20150919_5_handinhand.mp4,9
6e886ecf59c876ff2e50093dd68bd810722d77de,StormPigs20150919_6_ahorseandagirl.mp4,10
6e886ecf59c876ff2e50093dd68bd810722d77de,StormPigs20150919_7_ohdontdothat.mp4,11
6e886ecf59c876ff2e50093dd68bd810722d77de,StormPigs20150919_8_dangerofbadcables.mp4,12
6e886ecf59c876ff2e50093dd68bd810722d77de,StormPigs20150919_9_whathathhewrought.mp4,13
23805e80cf96cbd8a0f583fb35d8a1e1f85e5e76,StormPigs20151230_10_fuckthewhat.mp4,1
23805e80cf96cbd8a0f583fb35d8a1e1f85e5e76,StormPigs20151230_11_tightoperation.mp4,2
23805e80cf96cbd8a0f583fb35d8a1e1f85e5e76,StormPigs20151230_12_alongfortheride.mp4,3
23805e80cf96cbd8a0f583fb35d8a1e1f85e5e76,StormPigs20151230_13_gonnabegoodforyou.mp4,4
23805e80cf96cbd8a0f583fb35d8a1e1f85e5e76,StormPigs20151230_1_spynovel.mp4,5
23805e80cf96cbd8a0f583fb35d8a1e1f85e5e76,StormPigs20151230_2_rustyscorcher.mp4,6
23805e80cf96cbd8a0f583fb35d8a1e1f85e5e76,StormPigs20151230_3_onebrightday.mp4,7
23805e80cf96cbd8a0f583fb35d8a1e1f85e5e76,StormPigs20151230_4_holidaycheer.mp4,8
23805e80cf96cbd8a0f583fb35d8a1e1f85e5e76,StormPigs20151230_5_oneforlemmy.mp4,9
23805e80cf96cbd8a0f583fb35d8a1e1f85e5e76,StormPigs20151230_6_werefuse.mp4,10
23805e80cf96cbd8a0f583fb35d8a1e1f85e5e76,StormPigs20151230_7_jinglealltheway.mp4,11
23805e80cf96cbd8a0f583fb35d8a1e1f85e5e76,StormPigs20151230_8_natureofthebeast.mp4,12
23805e80cf96cbd8a0f583fb35d8a1e1f85e5e76,StormPigs20151230_9_littleshotofvinegar.mp4,13
bd183485bc225876805687f64ac4d82ed73e799f,StormPigs20160921_1_aintthatapeach.mp4,1
bd183485bc225876805687f64ac4d82ed73e799f,StormPigs20160921_2_money.mp4,2
bd183485bc225876805687f64ac4d82ed73e799f,StormPigs20160921_3_dehydrateddevo.mp4,3
bd183485bc225876805687f64ac4d82ed73e799f,StormPigs20160921_4_anythingbutstraight.mp4,4
bd183485bc225876805687f64ac4d82ed73e799f,StormPigs20160921_5_whowillstoptherain.mp4,5
bd183485bc225876805687f64ac4d82ed73e799f,StormPigs20160921_6_intermiss.mp4,6
bd183485bc225876805687f64ac4d82ed73e799f,StormPigs20160921_7_electionspecial.mp4,7
bd183485bc225876805687f64ac4d82ed73e799f,StormPigs20160921_8_tastethatsmell.mp4,8
bd183485bc225876805687f64ac4d82ed73e799f,StormPigs20160921_9_everybodyin.mp4,9
57e7c11066204d0a454594a50a8f9e077df1f7e1,StormPigs20161116_10_1986.mp4,1
57e7c11066204d0a454594a50a8f9e077df1f7e1,StormPigs20161116_11_protestsong.mp4,2
57e7c11066204d0a454594a50a8f9e077df1f7e1,StormPigs20161116_1_warmingup.mp4,3
57e7c11066204d0a454594a50a8f9e077df1f7e1,StormPigs20161116_2_blackboots.mp4,4
57e7c11066204d0a454594a50a8f9e077df1f7e1,StormPigs20161116_3_jammaslide.mp4,5
57e7c11066204d0a454594a50a8f9e077df1f7e1,StormPigs20161116_4_sometimesIscream.mp4,6
57e7c11066204d0a454594a50a8f9e077df1f7e1,StormPigs20161116_5_thetrail.mp4,7
57e7c11066204d0a454594a50a8f9e077df1f7e1,StormPigs20161116_6_creep.mp4,8
57e7c11066204d0a454594a50a8f9e077df1f7e1,StormPigs20161116_7_youregoingoutthatdoor.mp4,9
57e7c11066204d0a454594a50a8f9e077df1f7e1,StormPigs20161116_8_tellyouwhat.mp4,10
57e7c11066204d0a454594a50a8f9e077df1f7e1,StormPigs20161116_9_santeria.mp4,11
c2d8045f49fd0c745192c2a508985c774eb941e1,StormPigs20161207_10_offthecuff.mp4,1
c2d8045f49fd0c745192c2a508985c774eb941e1,StormPigs20161207_1_whilemyguitargentlyweeps.mp4,2
c2d8045f49fd0c745192c2a508985c774eb941e1,StormPigs20161207_2_funkblast.mp4,3
c2d8045f49fd0c745192c2a508985c774eb941e1,StormPigs20161207_3_monkeyman.mp4,4
c2d8045f49fd0c745192c2a508985c774eb941e1,StormPigs20161207_4_jumpinjackflash.mp4,5
c2d8045f49fd0c745192c2a508985c774eb941e1,StormPigs20161207_5_starwitnessdreaming.mp4,6
c2d8045f49fd0c745192c2a508985c774eb941e1,StormPigs20161207_6_mysharona.mp4,7
c2d8045f49fd0c745192c2a508985c774eb941e1,StormPigs20161207_7_rockininthefreeworld.mp4,8
c2d8045f49fd0c745192c2a508985c774eb941e1,StormPigs20161207_8_25or6-to-4.mp4,9
c2d8045f49fd0c745192c2a508985c774eb941e1,StormPigs20161207_8_25or6.mp4,10
c2d8045f49fd0c745192c2a508985c774eb941e1,StormPigs20161207_9_runwithme.mp4,11
e49dfa6a014d37290cb506884e38cdf113b5a256,StormPigs20161221_10_treasonsoliloquy.mp4,1
e49dfa6a014d37290cb506884e38cdf113b5a256,StormPigs20161221_1_90daysofrain.mp4,2
e49dfa6a014d37290cb506884e38cdf113b5a256,StormPigs20161221_2_whatisthat.mp4,3
e49dfa6a014d37290cb506884e38cdf113b5a256,StormPigs20161221_3_yeah.mp4,4
e49dfa6a014d37290cb506884e38cdf113b5a256,StormPigs20161221_4_nowaytoshakeit.mp4,5
e49dfa6a014d37290cb506884e38cdf113b5a256,StormPigs20161221_5_happy2016.mp4,6
e49dfa6a014d37290cb506884e38cdf113b5a256,StormPigs20161221_6_kickmetothecurb.mp4,7
e49dfa6a014d37290cb506884e38cdf113b5a256,StormPigs20161221_7_suicidesquat.mp4,8
e49dfa6a014d37290cb506884e38cdf113b5a256,StormPigs20161221_8_cozysituation.mp4,9
e49dfa6a014d37290cb506884e38cdf113b5a256,StormPigs20161221_9_noodleO.mp4,10
1a82778bac200a1f2f6848bd7a4f41b12ade59c6,StormPigs20170110_10_heatofthemoment.mp4,1
1a82778bac200a1f2f6848bd7a4f41b12ade59c6,StormPigs20170110_1_happybirthdayPat.mp4,2
1a82778bac200a1f2f6848bd7a4f41b12ade59c6,StormPigs20170110_2_londoncalling.mp4,3
1a82778bac200a1f2f6848bd7a4f41b12ade59c6,StormPigs20170110_3_funk49.mp4,4
1a82778bac200a1f2f6848bd7a4f41b12ade59c6,StormPigs20170110_4_whatmakesaworkingband.mp4,5
1a82778bac200a1f2f6848bd7a4f41b12ade59c6,StormPigs20170110_5_icantwait.mp4,6
1a82778bac200a1f2f6848bd7a4f41b12ade59c6,StormPigs20170110_6_cantletgo.mp4,7
1a82778bac200a1f2f6848bd7a4f41b12ade59c6,StormPigs20170110_7_cometogether.mp4,8
1a82778bac200a1f2f6848bd7a4f41b12ade59c6,StormPigs20170110_8_mrtamborineman.mp4,9
1a82778bac200a1f2f6848bd7a4f41b12ade59c6,StormPigs20170110_9_itsatrap.mp4,10
70766608a1c3a7c389f2b1440a32f8244f5b1cd3,StormPigs20170509_10_bedtimestory.mp4,1
70766608a1c3a7c389f2b1440a32f8244f5b1cd3,StormPigs20170509_1_suitandtied.mp4,2
70766608a1c3a7c389f2b1440a32f8244f5b1cd3,StormPigs20170509_2_casteneda.mp4,3
70766608a1c3a7c389f2b1440a32f8244f5b1cd3,StormPigs20170509_3_makingtime.mp4,4
70766608a1c3a7c389f2b1440a32f8244f5b1cd3,StormPigs20170509_4_janevafaircloth.mp4,5
70766608a1c3a7c389f2b1440a32f8244f5b1cd3,StormPigs20170509_5_almosthitbytaxi.mp4,6
70766608a1c3a7c389f2b1440a32f8244f5b1cd3,StormPigs20170509_6_badguytrump.mp4,7
70766608a1c3a7c389f2b1440a32f8244f5b1cd3,StormPigs20170509_7_spaceagelovesong.mp4,8
70766608a1c3a7c389f2b1440a32f8244f5b1cd3,StormPigs20170509_8_deadhighwaygroove.mp4,9
70766608a1c3a7c389f2b1440a32f8244f5b1cd3,StormPigs20170509_9_one-eighthsardinian.mp4,10
7bf87efbde85540bdc0d44dccaf6584461d44b3d,StormPigs20221105_1_CantYou.mp4,1
7bf87efbde85540bdc0d44dccaf6584461d44b3d,StormPigs20221105_2_Blump.mp4,2
7bf87efbde85540bdc0d44dccaf6584461d44b3d,StormPigs20221105_3_NewToy.mp4,3
7bf87efbde85540bdc0d44dccaf6584461d44b3d,StormPigs20221105_4_CoronaBlues.mp4,4
7bf87efbde85540bdc0d44dccaf6584461d44b3d,StormPigs20221105_5_Layers.mp4,5
7bf87efbde85540bdc0d44dccaf6584461d44b3d,StormPigs20221105_6_SaturdaySun.mp4,6
7bf87efbde85540bdc0d44dccaf6584461d44b3d,StormPigs20221105_7_FigureofaWailer.mp4,7
7bf87efbde85540bdc0d44dccaf6584461d44b3d,StormPigs20221105_8_RhythymofChange.mp4,8
7bf87efbde85540bdc0d44dccaf6584461d44b3d,StormPigs20221105_9_GetItDone.mp4,9
2125507f7ca908d09e1d9360126952ceaf504a18,StormPigs20230725_10_Detroit.mp4,1
2125507f7ca908d09e1d9360126952ceaf504a18,StormPigs20230725_11_FalseStart.mp4,2
2125507f7ca908d09e1d9360126952ceaf504a18,StormPigs20230725_12_TheReturnofThunderFingers.mp4,3
2125507f7ca908d09e1d9360126952ceaf504a18,StormPigs20230725_13_KillerontheLoose.mp4,4
2125507f7ca908d09e1d9360126952ceaf504a18,StormPigs20230725_14_MaddeningMartialMadness.mp4,5
2125507f7ca908d09e1d9360126952ceaf504a18,StormPigs20230725_15_Oddity.mp4,6
2125507f7ca908d09e1d9360126952ceaf504a18,StormPigs20230725_16_PrettyLittleLambda.mp4,7
2125507f7ca908d09e1d9360126952ceaf504a18,StormPigs20230725_17_YouCantStayHere.mp4,8
2125507f7ca908d09e1d9360126952ceaf504a18,StormPigs20230725_1_StartYourEngines.mp4,9
2125507f7ca908d09e1d9360126952ceaf504a18,StormPigs20230725_2_WellDagNabit.mp4,10
2125507f7ca908d09e1d9360126952ceaf504a18,StormPigs20230725_3_WeAreRolling.mp4,11
2125507f7ca908d09e1d9360126952ceaf504a18,StormPigs20230725_4_TheDitty.mp4,12
2125507f7ca908d09e1d9360126952ceaf504a18,StormPigs20230725_5_NYCChug-A-Lug.mp4,13
2125507f7ca908d09e1d9360126952ceaf504a18,StormPigs20230725_6_ThoughtfulIndirection.mp4,14
2125507f7ca908d09e1d9360126952ceaf504a18,StormPigs20230725_7_KickinthePants.mp4,15
2125507f7ca908d09e1d9360126952ceaf504a18,StormPigs20230725_8_InterMiss.mp4,16
2125507f7ca908d09e1d9360126952ceaf504a18,StormPigs20230725_9_WaitingfortheMan.mp4,17
3a96e62a12ff354164ab937ff6d747909a31ad0c,StormPigs20240718_10_beastofajane.mp4,1
3a96e62a12ff354164ab937ff6d747909a31ad0c,StormPigs20240718_11_werewolvesoflondon.mp4,2
3a96e62a12ff354164ab937ff6d747909a31ad0c,StormPigs20240718_12_traction.mp4,3
3a96e62a12ff354164ab937ff6d747909a31ad0c,StormPigs20240718_1_forarose.mp4,4
3a96e62a12ff354164ab937ff6d747909a31ad0c,StormPigs20240718_2_dirtypotblues.mp4,5
3a96e62a12ff354164ab937ff6d747909a31ad0c,StormPigs20240718_3_aintsupposedtobetnwhiskey.mp4,6
3a96e62a12ff354164ab937ff6d747909a31ad0c,StormPigs20240718_4_musicusinterruptus.mp4,7
3a96e62a12ff354164ab937ff6d747909a31ad0c,StormPigs20240718_5_idoneadoobie.mp4,8
3a96e62a12ff354164ab937ff6d747909a31ad0c,StormPigs20240718_6_stormfront.mp4,9
3a96e62a12ff354164ab937ff6d747909a31ad0c,StormPigs20240718_7_feelinalright.mp4,10
3a96e62a12ff354164ab937ff6d747909a31ad0c,StormPigs20240718_8_stubegoodsweethome.mp4,11
3a96e62a12ff354164ab937ff6d747909a31ad0c,StormPigs20240718_9_youshookme.mp4,12
c7369a787ad1fdac552e1bce05d93f4d02445d5b,StormPigs20250603_1_barneymiller.mp4,1
c7369a787ad1fdac552e1bce05d93f4d02445d5b,StormPigs20250603_2_adrift.mp4,2
c7369a787ad1fdac552e1bce05d93f4d02445d5b,StormPigs20250603_3_soobtuse.mp4,3
c7369a787ad1fdac552e1bce05d93f4d02445d5b,StormPigs20250603_4_beforeyoudisappear.mp4,4
c7369a787ad1fdac552e1bce05d93f4d02445d5b,StormPigs20250603_5_sweatshop.mp4,5
c7369a787ad1fdac552e1bce05d93f4d02445d5b,StormPigs20250603_6_goodbyeoltwin.mp4,6
c7369a787ad1fdac552e1bce05d93f4d02445d5b,StormPigs20250603_7_mancinisghost.mp4,7
c7369a787ad1fdac552e1bce05d93f4d02445d5b,StormPigs20250603_8_dontwannahearaboutyou.mp4,8
c7369a787ad1fdac552e1bce05d93f4d02445d5b,StormPigs20250603_9_dearlybeloved.mp4,9
c7369a787ad1fdac552e1bce05d93f4d02445d5b,StormPigs20250603_10_epilogue.mp4,10
5eb93c78c88918c2e444364bf99c6a6c97bdeb54,StormPigs20250724_1_milkrun.mp4,1
5eb93c78c88918c2e444364bf99c6a6c97bdeb54,StormPigs20250724_2_thewhale.mp4,2
5eb93c78c88918c2e444364bf99c6a6c97bdeb54,StormPigs20250724_3_joyousrout.mp4,3
5eb93c78c88918c2e444364bf99c6a6c97bdeb54,StormPigs20250724_4_electrofunk42.mp4,4
5eb93c78c88918c2e444364bf99c6a6c97bdeb54,StormPigs20250724_5_betsy.mp4,5
5eb93c78c88918c2e444364bf99c6a6c97bdeb54,StormPigs20250724_6_doyou.mp4,6
5eb93c78c88918c2e444364bf99c6a6c97bdeb54,StormPigs20250724_7_interhit.mp4,7
5eb93c78c88918c2e444364bf99c6a6c97bdeb54,StormPigs20250724_8_bebyyourside.mp4,8
5eb93c78c88918c2e444364bf99c6a6c97bdeb54,StormPigs20250724_9_maximized.mp4,9
5eb93c78c88918c2e444364bf99c6a6c97bdeb54,StormPigs20250724_10_friends.mp4,10
5eb93c78c88918c2e444364bf99c6a6c97bdeb54,StormPigs20250724_11_dangerousprey.mp4,11
5eb93c78c88918c2e444364bf99c6a6c97bdeb54,StormPigs20250724_12_twilighthunt.mp4,12
5eb93c78c88918c2e444364bf99c6a6c97bdeb54,StormPigs20250724_13_unmarkedtrail.mp4,13
5eb93c78c88918c2e444364bf99c6a6c97bdeb54,StormPigs20250724_14_thekill.mp4,14
5eb93c78c88918c2e444364bf99c6a6c97bdeb54,StormPigs20250724_15_wrapitup.mp4,15
92573bd631e689fc5009e186bb86e5474c12f984,StormPigs20040818_1_pushitaway.mp4,1
92573bd631e689fc5009e186bb86e5474c12f984,StormPigs20040818_2_layingitontheOG.mp4,2
92573bd631e689fc5009e186bb86e5474c12f984,StormPigs20040818_3_cosmicbruce.mp4,3
92573bd631e689fc5009e186bb86e5474c12f984,StormPigs20040818_4_headlikearazor.mp4,4
92573bd631e689fc5009e186bb86e5474c12f984,StormPigs20040818_5_fortheloveofthecops.mp4,5
92573bd631e689fc5009e186bb86e5474c12f984,StormPigs20040818_6_happyisthesunset.mp4,6
92573bd631e689fc5009e186bb86e5474c12f984,StormPigs20040818_7_apexofmyexistence.mp4,7
92573bd631e689fc5009e186bb86e5474c12f984,StormPigs20040818_8_godblessthesunsetroom.mp4,8
92573bd631e689fc5009e186bb86e5474c12f984,StormPigs20040818_9_worldexploding.mp4,9
92573bd631e689fc5009e186bb86e5474c12f984,StormPigs20040818_10_jewishwhiterappa.mp4,10
92573bd631e689fc5009e186bb86e5474c12f984,StormPigs20040818_11_tnucinthesystem.mp4,11
92573bd631e689fc5009e186bb86e5474c12f984,StormPigs20040818_12_shootinatcans.mp4,12
92573bd631e689fc5009e186bb86e5474c12f984,StormPigs20040818_13_gogandmagog.mp4,13
92573bd631e689fc5009e186bb86e5474c12f984,StormPigs20040818_14_brandnewcadillac.mp4,14
