session_key,source_relpath,checksum_sha256,seq
b3e52f618aae2727d6b5c59df4553868e5acdd31,19970723_2.mp3,ae24b2bb331b1cd59fd26828f5e4c7ad2130fc110bccbbcaa47db8e260a86b48,1
47de6258a8e6e5c0683368b2eabfdc5e9220cc78,19971230_1.mp3,776aa9208b5ecf5017266f7d48411ec783275474fdcd7f430bd22551128caf43,1
47de6258a8e6e5c0683368b2eabfdc5e9220cc78,19971230_10.mp3,56863066736a675c4f753924d2f826a9633eeecbf4eaf50528add6ecba9aa8d4,2
47de6258a8e6e5c0683368b2eabfdc5e9220cc78,19971230_11.mp3,a9ba904217bd56651f3d4ce74546d41ed5e85f9579b486bafc2dea2f5151d182,3
47de6258a8e6e5c0683368b2eabfdc5e9220cc78,19971230_2.mp3,c0ddf8dcf3c44155e5b711bb994b5435ebe2e35b46b5a01b85b901c5c17286bf,4
47de6258a8e6e5c0683368b2eabfdc5e9220cc78,19971230_3.mp3,35ccc2754bfc2c20b544b83f769e85e71ee49a64d1b3aac399479e26b6e42d1b,5
47de6258a8e6e5c0683368b2eabfdc5e9220cc78,19971230_4.mp3,ca30f22bddae122befbb6533a9a80b4e82dec970d500fe5a92c3a09161018dbe,6
47de6258a8e6e5c0683368b2eabfdc5e9220cc78,19971230_5.mp3,01c586e692a823cd49b37a3b77263783766e64054005544113b63ced8649768b,7
47de6258a8e6e5c0683368b2eabfdc5e9220cc78,19971230_6.mp3,488f6952dafe6a62e956b6eb9dd8028acc92de281c251e9d4d96b145d12cbed0,8
47de6258a8e6e5c0683368b2eabfdc5e9220cc78,19971230_7.mp3,16d2c4eafeb6d50f1d97cc6c8a0c3422114c624a33b2de356050c7229c04506a,9
47de6258a8e6e5c0683368b2eabfdc5e9220cc78,19971230_8.mp3,ab22bf98cb597cbf42ebd6d2a566dbe94eca25986f5bb7d6304709cdd5690546,10
47de6258a8e6e5c0683368b2eabfdc5e9220cc78,19971230_9.mp3,dadc51665db16066babf336450fd3308a4cc5390baa0dae8d9d9f06289d33041,11
311f0f2c27c04703de48f2bbcc12827ddd0893e9,19980214_1.mp3,183983ee3c837c722efbac3d9565701eed9ced69281637dad87e1a547a7ff873,1
58d9be7660756086e0c4805e513f7fe3b9174bcd,19980228_1.mp3,6136854c6742ddfc819f7aba8dcdf08d146c591c04a2df30d32d0a5574028634,1
58d9be7660756086e0c4805e513f7fe3b9174bcd,19980228_2.mp3,43934775e64ec4e376b023a7f2fcb73766b160fa2cc3372214128d7b62c3ed4c,2
21032e8279e133005d78470259baf45754f92aa9,19980512_1.mp3,083000d09d5c746d216d0f58b4452456c2815e605a0246f1eb000d924e5af0fa,1
1b67db4ee373721f08ce6d8407fe21b8b73032a8,19980701_1.mp3,2026f2a2205acfd5fb3dcfa5b521db3be5ae9637cd84fe0c7136a1261c48ea30,1
69b68fd6e6851e99c40f5cceb0feaaa1aa3229f9,19980708_1.mp3,1c75fb07fb5d15317c84d3a58d43ca5fb0450ae6b12d69228ea27effc4eb83b8,1
69b68fd6e6851e99c40f5cceb0feaaa1aa3229f9,19980708_2.mp3,786505d77986ce3a2bd5f47bb147c7a710d0e80040a70fe747d14d290465e507,2
69b68fd6e6851e99c40f5cceb0feaaa1aa3229f9,19980708_3.mp3,7379d91854c171128f8f24eb75639c808bc4267d278b5c365bbf618cf073c7a8,3
4340b6527e10fdc2af8f196bbaf1cbbd8830d8da,19980910_1.mp3,ab87f4857943f1ea0bd861a4ed2f870979b053852bd2fe7c849748c3923bae81,1
4340b6527e10fdc2af8f196bbaf1cbbd8830d8da,19980910_2.mp3,a33799ab1d7dafa4cb53f2f4a2f839a371a6ed3a61d46ef0f9ec696c32bb337f,2
4340b6527e10fdc2af8f196bbaf1cbbd8830d8da,19980910_3.mp3,97c35724958f1293fde7df4722eb9096f444a959908a828405bd49b73c1740c9,3
4340b6527e10fdc2af8f196bbaf1cbbd8830d8da,19980910_4.mp3,b7cfa7746bccef92006f11434c93c19a0ac629fa27d10923fa61262fa66691b5,4
4340b6527e10fdc2af8f196bbaf1cbbd8830d8da,19980910_5.mp3,c667f81f51e2b1150c79a672ee4c189e27cca71f1f6d3e556af2eeac283c9550,5
5e8559ed263a69df202a8d15d562726c634e46aa,19980917_1.mp3,90917701f484a1be466d47a6fdb9a458992ff375dec45baec8bffc51ecefc850,1
8d23cbbe7aa9751fa4e4551ce5e151ccce53e7af,19980930_1.mp3,f06cfd6b5424c3792f7a675881b9960f58d6bb075f8773c38f3474e9e61c70c3,1
8d23cbbe7aa9751fa4e4551ce5e151ccce53e7af,19980930_2.mp3,0cd9b015ff6f22f4f3ef6b8e7a964cb50e77908d5a4998d7f6cda3ca78eecbb2,2
8d23cbbe7aa9751fa4e4551ce5e151ccce53e7af,19980930_3.mp3,b6a84dcd14562ecb3effa210396057a91c02e5d85255484d7cc4f9607ed1a22d,3
8d23cbbe7aa9751fa4e4551ce5e151ccce53e7af,19980930_4.mp3,5b4a36f7b9c1f14c3d58200107f8a1d657214b7d010b3568c5d341d6d71b8264,4
fd9f0cc0ecc03906d38a95fba1468bf32470738f,19981119_1.mp3,8462a11a983f51fe75067d31d285e2f8661804ec716b77ac2e914b0927a730f9,1
fd9f0cc0ecc03906d38a95fba1468bf32470738f,19981119_2.mp3,6d0ea475b5f687464e5ca2b71347d9362f1a90aea09eb66713ec4a8d930da7c7,2
fd9f0cc0ecc03906d38a95fba1468bf32470738f,19981119_3.mp3,44194da7f6389d61b856b57da070380410380c2e0828909f515f45d9f523bf06,3
fd9f0cc0ecc03906d38a95fba1468bf32470738f,19981119_4.mp3,805c7662ee8ac5365f30710abe2017bc51954fbfea6d5852fcbb3f58149dcca0,4
fd9f0cc0ecc03906d38a95fba1468bf32470738f,19981119_5.mp3,c38f3c81dedb41c6e4c7526766110f6f2a2bc80eba7228076e812a6f1105834c,5
cdb80d35f80fe7e6992761a3aa8de5304f9f499b,19981217_1.mp3,767c266aaac95047a7332b9b976272a92e4f578a4a65ff23029b44e87873935f,1
cdb80d35f80fe7e6992761a3aa8de5304f9f499b,19981217_2.mp3,d9bb99918320383e612de7c6026dc77e5383f063598548a526a2f36de70d2264,2
346032b4089e43488a2306097d0c524781dab28c,19990114_1.mp3,f0dac56cd65d06dd678f49ef66c15cfe925b134d67e02ff44220daa00eb303eb,1
346032b4089e43488a2306097d0c524781dab28c,19990114_2.mp3,8bd7ca77a191ec7ba6d79d826e77348021f3b432af4f9c24593bf36fdd1ac9ae,2
346032b4089e43488a2306097d0c524781dab28c,19990114_3.mp3,bde93bdfc1cc9bc26bb0166fde76452cbab697cff5c8ab72eb22ef4cfa24964d,3
346032b4089e43488a2306097d0c524781dab28c,19990114_4.mp3,444220c5d9f4364649143927a5dda225c76c646d51065d99b01f7fdd08877154,4
e0d95b52f0eb5b159d76436b5007ec4bc48d81ed,19990131_1.mp3,e46262c60072011d25eca4b13883913006a11a28293200798d55c691caebb185,1
e0d95b52f0eb5b159d76436b5007ec4bc48d81ed,19990131_2.mp3,197ff693f849eb5a02d4e93193301e7f69ecb20bfbc0257b015b731387769005,2
143b3335ebed95d473900d9570bfbd3a2923d284,19990408_1.mp3,1b13ad15b894cc8f267601c782a9cb156756afb2b43a02d25aa8a8cd0bfd4640,1
143b3335ebed95d473900d9570bfbd3a2923d284,19990408_2.mp3,b933cde95597971e903c674593fcee87c2f2f1113c32b797a0ffe318f166d005,2
64082d9ebd1d7145c4fc2acf182595eb4b4c1e3f,19990506_1.mp3,bf699d4b79979b8aca8e532b763164353c4c93e9e97d04ba8ba46cd89c0be6bb,1
6b3d950d7a7c2639659978399c4ee2ebf566f1ed,19991106_1.mp3,002df3fe1d37039b7a4f8c5dec70d74836029528ff872c088bdb5591fdfba10c,1
6b3d950d7a7c2639659978399c4ee2ebf566f1ed,19991106_2.mp3,7ad2a641ba5fa6187733dc8376693e4f87342e989e26908d76ceb178ed692c2e,2
052d8fad7f46c0d4f6ae083c4ccb1bb81fc23fea,20000622_2.mp3,cf1f11255453188a0331f9d6570e9de5fe9a1b20df443e833479bb560a85fae5,1
052d8fad7f46c0d4f6ae083c4ccb1bb81fc23fea,20000622_4.mp3,908ee4ae7c716e56948b76064ed5d80e33caa2f9a5fab040dcc5ea6d58e67b60,2
e85d24d52b017532fc1d817aa98c7897c86362c1,20000714_1.mp3,9ae1efcf762620beb52c5f3daefb6a1e65e95f09de6358d45e0414c7a55398bf,1
e85d24d52b017532fc1d817aa98c7897c86362c1,20000714_2.mp3,524122398f1730720f0924d68b21c574ccfa88128d5c190692c4a58bb9ffc754,2
e85d24d52b017532fc1d817aa98c7897c86362c1,20000714_8.mp3,7eb3e24e86804b49b7f2537e9bcbe9fc13923e4d5a1186f6463d46ed5ee48231,3
4154deffa8b4b1e17a202afa22379e91853eb65d,20000803_3.mp3,a28c84756cc2587da9dfaeab7052911a9bf6b192f213ed16abebeda675616799,1
4154deffa8b4b1e17a202afa22379e91853eb65d,20000803_4.mp3,110b1bb4ba0411d251cf878749ae1585d994e6988f181fdb27f7af74feef8227,2
94e0bf08e870741254fd10cd1f8ff86618679e78,20000816_1.mp3,e500b451f92254305c5dc2a449387510baaf52e043118c9339abe7437fb84981,1
9eadd73542f1573c69cd00df69f689995c7f4d62,20000831_1.mp3,0b2f668b6c9a916b3963e9ad494ba6a0f9cb3f999d0b71d98a55f7ddf2b64df5,1
9eadd73542f1573c69cd00df69f689995c7f4d62,20000831_2.mp3,cb3a2634f70d047d61641613aba7763295394b9dd1ee01e6776939fb2c967da2,2
6cd4efa3dbf504131760e3e1ab140624846f5707,20001005_1.mp3,176b8b0891d38c782c002f0957b3a5e219873c4ebf459cdfd9cd730ae0e99d93,1
e88b1816bfcf0ecf0ad9bc35f114d1a28b963fd0,20001130_1.mp3,664a5b58721edaf552ecb95900eed0204f7535b47746e097b91d165fbd0737e7,1
e88b1816bfcf0ecf0ad9bc35f114d1a28b963fd0,20001130_2.mp3,659beb24966a90e028c7ef1247aa85ec1ac48a6f0a8abee46a827accb4d9a7e8,2
e88b1816bfcf0ecf0ad9bc35f114d1a28b963fd0,20001130_3.mp3,10bf0fa3438e0b6b449d30b13e2f6c96dba61d31db67bac8b62f8a60b0c2b51e,3
e88b1816bfcf0ecf0ad9bc35f114d1a28b963fd0,20001130_5.mp3,46b6a18531f08faee643b3fbe24876f995dfa0a8fe8f951ec656af97de544d67,4
b1187dda4722e2b6ad97e12348f765df51a7f189,20001228_1.mp3,38ab92692e0015066f16bd27f659196c644f91e69bd4a70502e4e1e9015be109,1
78c8283ad54bf14e0976f81a6fea34da7217c673,20010111_1.mp3,0601445bb63f51e5eecc0d647001f429ad8f7403a5c70533d5d99daa2a0b7b4d,1
78c8283ad54bf14e0976f81a6fea34da7217c673,20010111_2.mp3,19692ac83c1acb63caada221bf706253fae2cb4f2626b4287423c096f093b4e6,2
78c8283ad54bf14e0976f81a6fea34da7217c673,20010111_3.mp3,765ce26410311d7d1e647081046bd8d37059191c777c5edb53e706a7512bd1ef,3
78c8283ad54bf14e0976f81a6fea34da7217c673,20010111_4.mp3,9f22389f2d9a8fae9a8b2fb5126f1f04358ebbd3a2475ab9649b25b64f60b2be,4
78c8283ad54bf14e0976f81a6fea34da7217c673,20010111_5.mp3,0e64b027d4dcd4ce0b03f2461b14341ee50123c7145ed93042494c745ef77735,5
1df9598556f95ea0483fc39a298ebcf3bb04cfda,20010128_1.mp3,3c9e74280926e8652e1af09f48747ffabeb89808f0bbcda213a3cdb16b16baf0,1
1df9598556f95ea0483fc39a298ebcf3bb04cfda,20010128_2.mp3,df2abf88a690f5ff3cebc5c42bea9e8371534d9e9433dca76caa85ce12f0a1a1,2
1df9598556f95ea0483fc39a298ebcf3bb04cfda,20010128_3.mp3,ef53e996c141573b3a1c8fa51debc4262defc1e8a24c080e275c4e6ab4a5168d,3
0193cccb6f26729999ce5f3a9ab565391435de21,20010221_1.mp3,4e966ec2fd0aaeabd0234c4e2b0ead807dadaffcd90892fb99665772568cbd1d,1
a83f51c9092633f85f40395eeb638f7b5ff5dd8a,20010314_1.mp3,684aa1f51f562b672c1297046456c131535e8dbb6501c6109f51457426b251fb,1
a83f51c9092633f85f40395eeb638f7b5ff5dd8a,20010314_2.mp3,641945812d757b638069d85b8e3f319596d73af21924c5b88d1ab95af977a60a,2
a83f51c9092633f85f40395eeb638f7b5ff5dd8a,20010314_3.mp3,6c8c4427a05170154ee99c8996ff7a916ed338a2e51335dec3645a5d8814bddd,3
a83f51c9092633f85f40395eeb638f7b5ff5dd8a,20010314_4.mp3,33461604830717ba0f9944cd6ee8a83fa3a761efe5f16c23b243131814207dcc,4
a83f51c9092633f85f40395eeb638f7b5ff5dd8a,20010314_5.mp3,edcc543579b16338c99e0e35f211cba1ff7292ad7efa4c0b4d27aa63b63c7404,5
cf72456075f2326c16a113dffbab177cfd22dc36,20010502_1.mp3,5f253a4869fcca80610b6fef5dc0a45c311b9d8cea27baa441fd6539481fb0b2,1
cf72456075f2326c16a113dffbab177cfd22dc36,20010502_2.mp3,00cc1ed86ecc7343435071bfa83b71b2798bdeab86af847a5a293d509618043d,2
b3d4419760142f396cc6daa9eb036bf6e229c6c1,20010516_1.mp3,8d7d50b6bcb8ff7a1d3c97d75e5858454cb3a60f31b4357601b2fb89655b2d82,1
68238ebea91ea08ec882ffcb825c4f2981dceba0,20010602_1.mp3,742874bb5a848bb745a38db19ec041bf0356a715f5d1f2b33ffd7db7ce7e5bed,1
bd06b7b65c3b76874baf1d98b1903cf191d62ba2,20010605_1.mp3,c7906a739cfaaeaf3c307117f46441e468277f7fbc63d774d02526a1f9a2b209,1
bd06b7b65c3b76874baf1d98b1903cf191d62ba2,20010605_2.mp3,7584dc1192027e903a1ac3136a91547a2f9c744b387f3115d0874070d9ec4231,2
bd06b7b65c3b76874baf1d98b1903cf191d62ba2,20010605_3.mp3,6e5e47960a428e57152aa0b51ecd1ca861b510a9d369c635e0d7ac2f975cd86c,3
bd06b7b65c3b76874baf1d98b1903cf191d62ba2,20010605_4.mp3,84d54c0efeedeeb901dad86bb4b78e8a77cb247a10a9619ebbe540d43032caef,4
f6040c411b62800aa12bac776fe3c1e3bcce9c49,20010620_1.mp3,bc0638958dd38fb479ec92f3ef0d93f8ecb71aec9ce572ffe24d20c5092c4693,1
6cdd7e9cf4972ff1c9c3f8fe243f78efb81f4139,20010801_1.mp3,f904c39684d84fccf384aa05b1f60b38f63fa9f339d79f2394127db2c56e1c8f,1
6cdd7e9cf4972ff1c9c3f8fe243f78efb81f4139,20010801_2.mp3,fb456e0c82946a52cbf15ab1aa4bfd5ffe770fdd15a859d615c90bb148e922b0,2
9ece35ec8f1622f3b60ee99f5c8797f9d2036cf4,20010822_1.mp3,b34fc6e2448b3f8f7ea4e28ae76a254bfdf55098cba6062904ef017a52857b92,1
9ece35ec8f1622f3b60ee99f5c8797f9d2036cf4,20010822_2.mp3,bc96c552c8619aaac9f0faf0ed12b0d6168be1263020c2f06bd326b45425f2d8,2
9ece35ec8f1622f3b60ee99f5c8797f9d2036cf4,20010822_3.mp3,e8c92e5ed4ee5f472d7316beed8dd1f5038328dcc9b6dc2f2b435f6903770bce,3
c15ee641ba37e4171110773a64642685c0dc9207,20011010_1.mp3,d492f3c5771656bcbbe7ee9a5ae28864b5d2f9d9ca07d4184913518168c9b9ce,1
c15ee641ba37e4171110773a64642685c0dc9207,20011010_2.mp3,1acb39da9ca17e4b3ce70c97f6e81fddbfd950d248f0b3bc585f218088f0af5a,2
c15ee641ba37e4171110773a64642685c0dc9207,20011010_3.mp3,86bd922c5e9d6b2869d9a49225339be0921ce7eb698be654f64a4cba2eb86215,3
c15ee641ba37e4171110773a64642685c0dc9207,20011010_4.mp3,5b5e7524c2afc1786e424828bf07f2956008539b2ff68dc3354e13345a598da5,4
c15ee641ba37e4171110773a64642685c0dc9207,20011010_5.mp3,9889803c2eb843a295fca74c7b9059d648e824eebb834521ca213c3328182060,5
c15ee641ba37e4171110773a64642685c0dc9207,20011010_6.mp3,f4018aa187ba382361b602551b9848f9827e3a09bbc4998e35a96d90f85a5201,6
c15ee641ba37e4171110773a64642685c0dc9207,20011010_8.mp3,60f59c4ca79d72b41db252758494b6d1aabc11cefaa17701ded727b630aa5a16,7
9fac1a591ffc0aee7e744d07bf263afadab86fdf,20011107_1.mp3,5a1f20e349b78927ff5e5c897c91a1c13d6106e403fc52877599cd0ee3a89c7c,1
9fac1a591ffc0aee7e744d07bf263afadab86fdf,20011107_2.mp3,0bab611771715132e880b8214da0ac406fc1b850aabd79de3b8f5b0192b8452d,2
9fac1a591ffc0aee7e744d07bf263afadab86fdf,20011107_3.mp3,b27dfd60d503c863c5b3d09d86ce7e3abd4bdd25de7033c720f2eae914e02caf,3
45d24cda29ef583b91a97912b9c6a72badbb0833,20011117_1.mp3,4c3de895634c89edb5c4b35d5050e56aa2cb255feb11b7cd60e6403dd6354b2e,1
45d24cda29ef583b91a97912b9c6a72badbb0833,20011117_2.mp3,a1a1ef5031a7f02893f468eee68c06b9fa2a453653f1f28a4c870671086e93cb,2
45d24cda29ef583b91a97912b9c6a72badbb0833,20011117_3.mp3,2189ddc6976914030c101c3993df425a9165afe753bd7c1afdd1cd15370222cf,3
498d34a4af5cdd21fe88be6293f24486599b7c1b,20011212_1.mp3,3894b779e6d58c89c3a642a02589a5511c4e4a134005deab325fda16812381ce,1
498d34a4af5cdd21fe88be6293f24486599b7c1b,20011212_2.mp3,89f228955b151ce241097ba43dfc6e17b2676e92988e5a1d37effdfb9c169ccb,2
498d34a4af5cdd21fe88be6293f24486599b7c1b,20011212_3.mp3,9594066f422ac0375376266e4b22f82457e0f30f3e9a52706fb93ac4fd336a6f,3
498d34a4af5cdd21fe88be6293f24486599b7c1b,20011212_4.mp3,ba2a7b8a23dd922f4ff512fc172a42e002c52955a7385cd288f42f68ca17d4ff,4
498d34a4af5cdd21fe88be6293f24486599b7c1b,20011212_5.mp3,dff0d478e6ee71e377d0c52ee042301a38e3c6a2a7da1f04c4c990a7b06b5628,5
498d34a4af5cdd21fe88be6293f24486599b7c1b,20011212_6.mp3,48ba984d0dbe5029e7f774b024d48535fd7e10ee6fc5eb4395267d7000f9d50c,6
498d34a4af5cdd21fe88be6293f24486599b7c1b,20011212_7.mp3,aab0cc0c67b6dfa9efc6adc7150602bbbd18bc45413a79998fc223880b4f6469,7
e108acde440ad3fceb87fb7e0737dbd040665aaa,20020502_1.mp3,205cc07b4fe67414750c16fd17291b18b32a3fafb529d938e19fe02deb3ea9b7,1
e108acde440ad3fceb87fb7e0737dbd040665aaa,20020502_2.mp3,5a6e045d434b8310f5fc86ac180336dd6054d13b6220c794300f59792cbac692,2
e108acde440ad3fceb87fb7e0737dbd040665aaa,20020502_3.mp3,70cd95c55404ec8d4108d372a1052097784254f7b7ed67ebe3cf02f89e051757,3
e108acde440ad3fceb87fb7e0737dbd040665aaa,20020502_4.mp3,4b48894a5e52906c97aada6fd1394e10eb798348c04d6e23aa271de6f0d8eb15,4
5f98d471aa3c70208183984c3c33116287306da2,StormPigs20021024_1_fleshmachine.mp4,3ed8bbc43ec35bb4662ac8b75843eb89fbd50557eccb3aa960cbc2f6e0601e4d,1
5f98d471aa3c70208183984c3c33116287306da2,StormPigs20021024_2_fountainofstillness.mp4,b212a654ddf160523373a7da95a0ddbfa752e6dbe57c13b6e220e0211bf71d95,2
5f98d471aa3c70208183984c3c33116287306da2,StormPigs20021024_3_gettingold.mp4,25823bec0d2950e1253c6d22903cefe5ed4e2fa4cb73da036fba818e67c85f4f,3
5f98d471aa3c70208183984c3c33116287306da2,StormPigs20021024_4_hollowbody.mp4,5a5a63917260e8d1d7b32ac4d5b2998fb48d35d97315874a218f86f02dbc7bbd,4
5f98d471aa3c70208183984c3c33116287306da2,StormPigs20021024_5_likeadrugaddict.mp4,b40e8cc50deea9c90f38df4ae44bfd999db4e2d04815ed1941a381db17c89a31,5
bb792fefd5c6b758bb56a734514d89c62eef3d19,StormPigs20030910_1_20030910dvdtitle.mp4,003a580b3ba54e9022a2a7f55e68aedd67c42a5a5768a749deffd32b0bc833eb,1
bb792fefd5c6b758bb56a734514d89c62eef3d19,StormPigs20030910_2_thesmackdown.mp4,280dacb5416429e3f001e84558bf1e0602fb0c7daa174bcb6123546e61681e24,2
bb792fefd5c6b758bb56a734514d89c62eef3d19,StormPigs20030910_3_straighteye.mp4,f05b46e2abafda2eb896854c411c8b44b0a34c8a4d01d790baa9d07f6b396b0b,3
bb792fefd5c6b758bb56a734514d89c62eef3d19,StormPigs20030910_4_snowballfromhell.mp4,7c4b1e3522c3febac0c4d2c0e8fa57b7920dbbdf98e414aaca91b8d7d007a44b,4
bb792fefd5c6b758bb56a734514d89c62eef3d19,StormPigs20030910_5_limitedrespect.mp4,2cead8cd56210fc0df64b16ccbf7b284e866499e50f09052de963dbc54cce3c8,5
bb792fefd5c6b758bb56a734514d89c62eef3d19,StormPigs20030910_6_christmashedied.mp4,6f0a19127316280639d864b3901cf47aaf67119515bb5388f813631781c6d9dc,6
bb792fefd5c6b758bb56a734514d89c62eef3d19,StormPigs20030910_7_sounding.mp4,c70b72a0c55685a97a765663b746fa1ef6defc3f3b9ccf9a329df10a830a832f,7
bb792fefd5c6b758bb56a734514d89c62eef3d19,StormPigs20030910_8_CurtisMartin.mp4,1ba2b12074bccd56a670b01fcb91ef5fb420781fb995e89d3ea020cef55467b8,8
288f7921374e4206f01ce750699b63b6df2bba09,20041221_1.mp3,c0048c29c3b0ae1f62cb1d489aa5bd64f947fde29c1e6bf84862752bd5e2e648,1
288f7921374e4206f01ce750699b63b6df2bba09,20041221_2.mp3,a48d87fda755ff7d0aaf4b6cfb16f1dc930f6639f26a0e0511102fcf82a81f36,2
288f7921374e4206f01ce750699b63b6df2bba09,20041221_3.mp3,5a1a1366055fcaca4ec801ec4567c17389d96fbc41faab53054f0f3da2299c1f,3
288f7921374e4206f01ce750699b63b6df2bba09,20041221_4.mp3,96c686e5fe32ce2307facddf2d519ac73790f5debb545ccdc22b5c2f8e247bbb,4
288f7921374e4206f01ce750699b63b6df2bba09,20041221_5.mp3,ebf073ac52ff6a1ab2915957dcbe21cb6a35604c2da228ebc97621cdcb0ee199,5
a4a8d0b23d2043554763adbcffe79606915bd35b,20050303_1.mp3,1982d30224070906ccee90c54279cb027099c5ab00783b7f4ec5382bb1e42b7a,1
a4a8d0b23d2043554763adbcffe79606915bd35b,20050303_10.mp3,fc3012499e468cf375fda17e4fece54db6c9b5b9f1a64d9ccb01974f15beb1e8,2
a4a8d0b23d2043554763adbcffe79606915bd35b,20050303_2.mp3,d68010b40ac8e07d91762fd5d803dbc35b8bde8eea57c74b62e5cabcbee0380b,3
a4a8d0b23d2043554763adbcffe79606915bd35b,20050303_3.mp3,b2fdf8a92ea8358f338921a2b4cdf8afac97c818583430ccc9a059a1cebd69eb,4
a4a8d0b23d2043554763adbcffe79606915bd35b,20050303_4.mp3,c811d7631f5b6a849800222be4b61e8dc531f8215d01e56738281a64acde457a,5
a4a8d0b23d2043554763adbcffe79606915bd35b,20050303_5.mp3,c6ed20216e7dca7f732340c4207a9458fa8c35d75ddf513c90bf29313a35667f,6
a4a8d0b23d2043554763adbcffe79606915bd35b,20050303_6.mp3,e9683685ad998f3e1e2c081512df05115e6d6f55881f0e4cd1720206e000d10e,7
a4a8d0b23d2043554763adbcffe79606915bd35b,20050303_7.mp3,e8acabfe56a4bb5b3f4bdcb2acd7f8055619021b9ae4316bcb10bd6c46e57056,8
a4a8d0b23d2043554763adbcffe79606915bd35b,20050303_8.mp3,007e8780a31bc28ce5a2aa1161748ad7b8864f613697459694d70a3689ee61ca,9
a4a8d0b23d2043554763adbcffe79606915bd35b,20050303_9.mp3,1f5509977d26776e5634a23f84ce76ab5363721642b34ebfc138ed1982feea87,10
d94d1b516ee10618286d522ca9da9316345ab56e,StormPigs20050721_1_Exposed.mp4,027023926ccb0933ecbc974be7bfdfab37f629a7d0f1990e7187583194834e63,1
d94d1b516ee10618286d522ca9da9316345ab56e,StormPigs20050721_2_DeathValley.mp4,7e0572572244ee6ad4bab992c1f5f9e730a0c42794bc06f4d5311c5060979575,2
d94d1b516ee10618286d522ca9da9316345ab56e,StormPigs20050721_3_PumpkinSongRockAgainstTerror.mp4,d3099e50faee7604703bce0f17a5a240cc96889d86a1b77bebbebcb9623f7a48,3
d94d1b516ee10618286d522ca9da9316345ab56e,StormPigs20050721_4_RammingSpeed.mp4,d20274d7b4c9ed6d380774cd65735969d514848ec2b5bbb294d0d23c14b88ad0,4
d94d1b516ee10618286d522ca9da9316345ab56e,StormPigs20050721_5_filthyinterlude.mp4,111a187998dbb6f87775dcf3cca3ad60ae0a98197c39fa4a2327f7cc224a72f6,5
d94d1b516ee10618286d522ca9da9316345ab56e,StormPigs20050721_6_NothingbutBadNoose.mp4,b47cb9d618ec98be492d513dced2ec610dff51038dde12b8ff8f0df2b85744bc,6
d94d1b516ee10618286d522ca9da9316345ab56e,StormPigs20050721_7_IsThistheCaribbean.mp4,4e2b775cfe101ced6b1aee523b5357d0e3c804afa7531889fe669789e59c41fb,7
d94d1b516ee10618286d522ca9da9316345ab56e,StormPigs20050721_8_TownCalledMalice.mp4,fe1cd2b22ed85b7f00012ce66d0aa695bde85a26c3926f73ed71d9f48ceee42f,8
d94d1b516ee10618286d522ca9da9316345ab56e,StormPigs20050721_9_Sparks.mp4,d0015cae46f9073352666bd6fdb29c6915adcb4f3f8e8849676f899bec15ee24,9
d94d1b516ee10618286d522ca9da9316345ab56e,StormPigs20050721_10_SympathyforelSpaceDiablo.mp4,d6edd4b568ba046b9678e76184c9238096f8195ece4f345404a01778c790a991,10
d94d1b516ee10618286d522ca9da9316345ab56e,StormPigs20050721_11_TheJokerDrunkenBoxingremix-MyScrotum.mp4,65c5ecdd4e431d197559645c08e053c9d0db21194ef0b3449dcd01da9f3c8162,11
d94d1b516ee10618286d522ca9da9316345ab56e,StormPigs20050721_12_DidntKnowWhatIDidntKnow.mp4,d7fc9d87deda3e8af3bc518845be44854872a7fe08c67449b29034c38088d1d1,12
d94d1b516ee10618286d522ca9da9316345ab56e,StormPigs20050721_13_NoTurningBack.mp4,648c5cbdbad44593135d0b5e0d479751b03571cfa347c22e804a53497dab6eaf,13
0de6839c32cf4298a68abbd502d946228f0cfb04,StormPigs20060406_1_1.mp4,,1
0de6839c32cf4298a68abbd502d946228f0cfb04,StormPigs20060406_2_2.mp4,,2
0de6839c32cf4298a68abbd502d946228f0cfb04,StormPigs20060406_3_3.mp4,,3
0de6839c32cf4298a68abbd502d946228f0cfb04,StormPigs20060406_4_mary.mp4,f67123164280154b3a0a1d84766af1463ce29300d4fb0ca648f5e14ecceb53e2,4
0de6839c32cf4298a68abbd502d946228f0cfb04,StormPigs20060406_5_5.mp4,,5
0de6839c32cf4298a68abbd502d946228f0cfb04,StormPigs20060406_6_hallucination.mp4,5b253ae17d891d71e947a54289f1d1f422f345db6aa2f975431587a6bee186b7,6
0de6839c32cf4298a68abbd502d946228f0cfb04,StormPigs20060406_7_7.mp4,,7
0de6839c32cf4298a68abbd502d946228f0cfb04,StormPigs20060406_8_8.mp4,,8
0de6839c32cf4298a68abbd502d946228f0cfb04,StormPigs20060406_9_9.mp4,,9
0de6839c32cf4298a68abbd502d946228f0cfb04,StormPigs20060406_10_10.mp4,,10
0de6839c32cf4298a68abbd502d946228f0cfb04,StormPigs20060406_11_introducing.mp4,794e953d1171639522e7a4d4c4b32458dce333e59061c57227f5c02e1f9c3b52,11
dae34e0e299e611afa0e6f61f8146494463486d1,StormPigs20060627_1_GetOff.mp4,8f7dfc362dc69fc9f5b19df4c8371a7f9b0f6f1287dc729d8b587ab53948f0ab,1
dae34e0e299e611afa0e6f61f8146494463486d1,StormPigs20060627_2_Wallace.mp4,53d856b4b64ed11bcf7efda11f784dee9cbb63a21acf207a0da7a6c5c9133d8e,2
dae34e0e299e611afa0e6f61f8146494463486d1,StormPigs20060627_3_Break.mp4,32d6ea39ba4c2a448be2c25a2ca71c509bb9ce43347d71200a2dcd5e2953ecdf,3
dae34e0e299e611afa0e6f61f8146494463486d1,StormPigs20060627_4_ShoutOutfromtheCloset.mp4,7430a203a8cf53cb7492b4c846adfd9da9605cdcf7fb822f045aab99ea04daaa,4
dae34e0e299e611afa0e6f61f8146494463486d1,StormPigs20060627_5_ExtraneousMatter.mp4,685f8cad115fed03a09e5597612ad2e4197fe84adafb36f7fe20a47c90898696,5
dae34e0e299e611afa0e6f61f8146494463486d1,StormPigs20060627_6_MeanRide.mp4,7d3b674ac3603d8993ca6ebcf68039557a5385c1c07447f87d1e049a4774913c,6
dae34e0e299e611afa0e6f61f8146494463486d1,StormPigs20060627_7_NoAlternative.mp4,c19ab54f8c89f07367450f420ce623ce31f69a0e317d38669153d5afffbd70fe,7
d98561e5f0e000633651162ea856e7903de6a566,StormPigs20060831_10_MaestroPlease.mp4,b4dc2ea8a555725a089782440e64d5dd781b7e5d6a8990c7711e3604a1061654,1
d98561e5f0e000633651162ea856e7903de6a566,StormPigs20060831_11_IRememberYou.mp4,5a7d0d054437ce833bc1b4f0427fde383cfafb69cd632d2ea2b7886abaa5ad39,2
d98561e5f0e000633651162ea856e7903de6a566,StormPigs20060831_12_SilverLining.mp4,479d3f856c3c1cdd2b3747d45923ac607af6cf4db6b9f40b685d3f457d793bde,3
d98561e5f0e000633651162ea856e7903de6a566,StormPigs20060831_13_WashedAway.mp4,1b562256935eae1908f9c2243f63782ca2a88a28f526fc94812c4e2a9ecb2d16,4
d98561e5f0e000633651162ea856e7903de6a566,StormPigs20060831_14_Punked.mp4,951f00631798fe1cb144e8d8f353ceaae0275a14926a8938b646b0156920fa78,5
d98561e5f0e000633651162ea856e7903de6a566,StormPigs20060831_1_DamnSpirograph.mp4,64258d391c6c6405fc5e8bf5fb8832ab068f537110d8378bd6518ccaab26de18,6
d98561e5f0e000633651162ea856e7903de6a566,StormPigs20060831_2_WeeYoYo.mp4,d5d8d8b1a49d20753523bd164bb28bc2c3f303dcb67841719838fb0673ee2df3,7
d98561e5f0e000633651162ea856e7903de6a566,StormPigs20060831_3_DigThatHoleChineseDemocracy.mp4,0ee6fbf9f9feec4e2e3fbf576f17c2fb828b7c6fd41aaaead934bbe93a8abf2b,8
d98561e5f0e000633651162ea856e7903de6a566,StormPigs20060831_4_SummerNightFeelin.mp4,b3a8dba630291a3d5dc30aa41e99de20f85ae1c7c769757f71a57dbe8ad410e4,9
d98561e5f0e000633651162ea856e7903de6a566,StormPigs20060831_5_HardLuckSemaphoreMonkey.mp4,4d53fdbc43c392a5feac2c49963aa98036a43ee0e5a8e1814ebba317b6125019,10
d98561e5f0e000633651162ea856e7903de6a566,StormPigs20060831_6_Blues.mp4,16e4713e51514003952ed9deed5cd947bec5dd482be26129b2082d5a6ef51e62,11
d98561e5f0e000633651162ea856e7903de6a566,StormPigs20060831_7_NastyDancer.mp4,f86763e7de235209f4400723c6f6a701d17bd8f9b402aafd92c7507c82c9c811,12
d98561e5f0e000633651162ea856e7903de6a566,StormPigs20060831_8_Infusion.mp4,efdb6039a9f1ccafcad034cebd706ef34a1d91efe6520accbe943f8d0757985c,13
d98561e5f0e000633651162ea856e7903de6a566,StormPigs20060831_9_CloudsofAsphalt.mp4,5e5a4a334d135e9dacb4ddba8216dde56d8224e5c225ab7f335f5d675b47d479,14
ea07bc9e2d8b7f3d49c2f1badc6d5db993f142d5,StormPigs20061102_1_Intro.mp4,82d48cd58371d583f049b38860346e6f5f9b4784c900e670d1ce7df1179997c5,1
ea07bc9e2d8b7f3d49c2f1badc6d5db993f142d5,StormPigs20061102_2_Mudslide.mp4,33fa2287c036496d3dc46a4cf714b0cdc90408cd0ef6762e95367fa94a7f27fb,2
ea07bc9e2d8b7f3d49c2f1badc6d5db993f142d5,StormPigs20061102_3_GoodDontMatterNoMo.mp4,a9608f1bfb169d6d2905dd50323e50c1158b25b0c99fa5570784338714c9b8ec,3
ea07bc9e2d8b7f3d49c2f1badc6d5db993f142d5,StormPigs20061102_4_HunkaChunka.mp4,35b4cc85371c372fa329f2b60725e2be2b95be068934f1faf1bdb0207fbf14f6,4
ea07bc9e2d8b7f3d49c2f1badc6d5db993f142d5,StormPigs20061102_5_Hi.mp4,2e7b24b44ea72b8a891b2d678e6f757b5393d83a1da796934e884a904cb1adcc,5
ea07bc9e2d8b7f3d49c2f1badc6d5db993f142d5,StormPigs20061102_6_LapItUpTheHardThing.mp4,4389f0d5853f2770fa2e4d1485c5eb08bfaa9d25ad8cf7c14dfa856ea869b87a,6
ea07bc9e2d8b7f3d49c2f1badc6d5db993f142d5,StormPigs20061102_7_PetriDish.mp4,4d3f39227b14f6b2ba984159ffb25f5ff46feb2fbe6e508dad4a69ca707c6a5e,7
ea07bc9e2d8b7f3d49c2f1badc6d5db993f142d5,StormPigs20061102_8_ForTheMoney.mp4,14a3c7eef6d1c2ce164c7c0233604a1d6749f61f4aecf1b71ee7497fe5c6dfbc,8
ea07bc9e2d8b7f3d49c2f1badc6d5db993f142d5,StormPigs20061102_9_AttackShipsoffTheShoulderofOrion.mp4,ccf753ed3618edf8cd537466cbd277ee85106730a6ba10f73b84b36db8013e38,9
a1069804c073a77c51f37d009fca304278926ca7,StormPigs20070111_10_SurfStylings.mp4,8883be8137087139e05261ef06055973e6a34d7afbfb78706d20fd90974cb675,1
a1069804c073a77c51f37d009fca304278926ca7,StormPigs20070111_11_GAK.mp4,1a2466a3296dca6848b39a01f37b663edab8d3e2c0b0591deec85ed04c21c018,2
a1069804c073a77c51f37d009fca304278926ca7,StormPigs20070111_12_EvertheBrighter.mp4,4cefdc0d36f87f0691e17ef8e21c1ec86834a6920c772e5c61eb1a644c92afe5,3
a1069804c073a77c51f37d009fca304278926ca7,StormPigs20070111_13_ForceFed.mp4,1a00a7e5734a7919044568ca9fd9b0955a0d8eb1e8aa0a64a8edd7b3cc834746,4
a1069804c073a77c51f37d009fca304278926ca7,StormPigs20070111_1_DramaticIntroduction.mp4,222d43b41dff89dff6405233391d5062dbed4e9b394133f54ef0bb37cbaf4e50,5
a1069804c073a77c51f37d009fca304278926ca7,StormPigs20070111_2_BringthePain.mp4,f313dea07910c5a7b38458b7842253a8a98635615e29f714785da2df3d62366c,6
a1069804c073a77c51f37d009fca304278926ca7,StormPigs20070111_3_DigaLittleDeeper.mp4,322d1fe51b36dc831b529fab675fb467d339cd55a277614e66c9bdb352fa8ecf,7
a1069804c073a77c51f37d009fca304278926ca7,StormPigs20070111_4_SpaceHo.mp4,e8e1187d10125af8a3a96908cc15d0d90ef6b1a1d1c77c37e0c8106767a0087e,8
a1069804c073a77c51f37d009fca304278926ca7,StormPigs20070111_5_NumbaOneConcept.mp4,fc07f211789ffddb5526d063e7b92172f166f00b05d62acd5aa7513281d7db37,9
a1069804c073a77c51f37d009fca304278926ca7,StormPigs20070111_6_geetarcommentary.mp4,4af1f44f8429acf5e848178819ee90b0bd6c01703bfc0e98bc5381a0cb03d904,10
a1069804c073a77c51f37d009fca304278926ca7,StormPigs20070111_7_FarFromHome.mp4,8399bb845a4da72d7d6b2be9220ccf33b2402f037c4172530c52819633010aab,11
a1069804c073a77c51f37d009fca304278926ca7,StormPigs20070111_8_CaughtintheMiddle.mp4,451d91939f4ba2d3787fa4233a5fefb2952eeb91f6d055bc2dbbd51fa97e0e70,12
a1069804c073a77c51f37d009fca304278926ca7,StormPigs20070111_9_OpenedMyThirdEye.mp4,e05abe335172203056eb22fc0a8546ae490c036616f171631c3a29a1c44c4768,13
6a23667f400438664f1f3875310eb4ffe94465cb,StormPigs20070113_1_ThatsIt.mp4,7a41c8e80e9b2bb5aae034b2fe264665b2e581b50c9f94737f13b3e4af6f64eb,1
4854f9d8d2eb4c790e32a0477ca6c406c7b1bd98,StormPigs20070227_1_tosurfandprotect.mp4,9acd63695212334c0aa0b179e3d6229ac08430930fbf2c7cdff7b9c1feab7e12,1
4854f9d8d2eb4c790e32a0477ca6c406c7b1bd98,StormPigs20070227_2_wegottheplums.mp4,c42c1c491d18d3a4fba546e3d0325a16a2e8853f27e92593e3895daf4e6ab3d0,2
4854f9d8d2eb4c790e32a0477ca6c406c7b1bd98,StormPigs20070227_3_sweetnoodle.mp4,ffd9ed775c17383124701ba2e72baaa6453b4171eb0ae2ed93eb0335316bca4f,3
4854f9d8d2eb4c790e32a0477ca6c406c7b1bd98,StormPigs20070227_4_introductionofmaximus.mp4,abc3a3b1b9c250f67db5661b538c4e2f16841fcc64b3e875405d3c005f892011,4
4854f9d8d2eb4c790e32a0477ca6c406c7b1bd98,StormPigs20070227_5_showontheroad.mp4,6cc6abd33122a39a57dd13b737853e5e5d60f06f77bc43929172a0b5fd6d5c97,5
4854f9d8d2eb4c790e32a0477ca6c406c7b1bd98,StormPigs20070227_6_fagenscat.mp4,4ceb7be9f5d8d9e987f3c1a8b101054b7bf906f291c4844ddf9d371d3396a6fe,6
4854f9d8d2eb4c790e32a0477ca6c406c7b1bd98,StormPigs20070227_7_sonicbullet.mp4,945e23535d4979d9ebe52df2005a1ba6d09771376f3e1dc917a772e56d17d38b,7
4854f9d8d2eb4c790e32a0477ca6c406c7b1bd98,StormPigs20070227_8_searchingforsomething.mp4,0428a26fb7a7e861cf1d5b2fe45a834cecdb049c7bbb01d1d604bed13c7b0156,8
4854f9d8d2eb4c790e32a0477ca6c406c7b1bd98,StormPigs20070227_9_muddybethemwaters.mp4,a9e62bde2e0a6d8436edeab734d90c1ef91100fc157233b60821d2eb19c77b70,9
579aecf399cde318fd91a1194464f9d234139a33,StormPigs20070912_10_HillbillyBlues.mp4,544fa5981d19bc6f51d815ff31cd38f7c2006a557af030abf6d0ba1fc0e04306,1
579aecf399cde318fd91a1194464f9d234139a33,StormPigs20070912_11_WhatIsItYouSayYouDoHere.mp4,0f6a5b3c66570865a6212535557870732eebd83c51cb3b0b500b8379848343f2,2
579aecf399cde318fd91a1194464f9d234139a33,StormPigs20070912_12_keyboardistbreakdown.mp4,aee19897a4eecc4aae9fcfb6ef2fd99409fc6a1ac72a0aa35f996697b73b5241,3
579aecf399cde318fd91a1194464f9d234139a33,StormPigs20070912_13_CantPleaseemAlltheTime.mp4,33b7bf0da4555cd7c4b25bada43b62f49d462bc50a4a44f142c437bc17fe1ae4,4
579aecf399cde318fd91a1194464f9d234139a33,StormPigs20070912_14_DiscoVolante.mp4,120948ca0ea0e7f954817479acc27af1cad7194101382b1328a27c0a09743980,5
579aecf399cde318fd91a1194464f9d234139a33,StormPigs20070912_1_eyeopener.mp4,b77845accc9e0ddd25e2f596cd8d7329d25a0bb515f7779d90bb3ae5aea904e9,6
579aecf399cde318fd91a1194464f9d234139a33,StormPigs20070912_2_JimmyJazz.mp4,65b9e52c95f7b7f5859b7e63634bca7b1d04af40a861b5a1c9c1171788f34dd4,7
579aecf399cde318fd91a1194464f9d234139a33,StormPigs20070912_3_drumintermezzo.mp4,c65b23502cf9dc9766132308baa9ae116d0cfeb045b46cb6bdd96f204a13a11d,8
579aecf399cde318fd91a1194464f9d234139a33,StormPigs20070912_4_RoadRunner.mp4,b28395dadb7f6dc0240f41ea2eee35684b35f72e3589f21c5610ee49e44c7e59,9
579aecf399cde318fd91a1194464f9d234139a33,StormPigs20070912_5_ItistheQuestion.mp4,d886f9dc7bb0f2aa1a81988586598a09daa9f62dc06ab093d13bb1dab1d26b06,10
579aecf399cde318fd91a1194464f9d234139a33,StormPigs20070912_6_TheEye.mp4,5d54c055af24c0d8e809202c3c9a745c27cd7ef5de0fab24ba37d3a6cf7842c4,11
579aecf399cde318fd91a1194464f9d234139a33,StormPigs20070912_7_Ragnorok.mp4,2214f82497ad154251df4b5706acda0e58358f73b718dbdb9e5f85a58a669285,12
579aecf399cde318fd91a1194464f9d234139a33,StormPigs20070912_8_NickelandDime.mp4,be65127ee58d0bf3abaa31b611b32fef13c588d7a6f90d9fb318024a3095a560,13
579aecf399cde318fd91a1194464f9d234139a33,StormPigs20070912_9_AK.mp4,0d3c2a284c160c10d6fe02df8f047473a55df77db5d9bef75424763e499199a0,14
aaa38b74ae871764207ddc4b72154ad3935c2c20,StormPigs20080206_10_goingnowhere.mp4,7f3bf5676293eca27598b4b578e54d08bc4fa1b102db6f9c5dd97bedf6ba8c4e,1
aaa38b74ae871764207ddc4b72154ad3935c2c20,StormPigs20080206_11_inthelineofi.mp4,2ee47ff356297b4b8019c24801826ed11d4807d74085f485ac29adbe0e695324,2
aaa38b74ae871764207ddc4b72154ad3935c2c20,StormPigs20080206_12_democrew.mp4,c9f554431cca9c8848777d4659aefdb7cd92b4d0d6a076e21da1a848669a0c53,3
aaa38b74ae871764207ddc4b72154ad3935c2c20,StormPigs20080206_13_drunksong.mp4,a93acc9d3f45b46cf3d6040e44228d68bc259a6eb61ecfbe91e6a54e27ae149f,4
aaa38b74ae871764207ddc4b72154ad3935c2c20,StormPigs20080206_14_shortandsour.mp4,1053b673083b79912b805e3d752422816f0b4bcb8a7e9a1b46407811c7142896,5
aaa38b74ae871764207ddc4b72154ad3935c2c20,StormPigs20080206_15_whereveryougo.mp4,bacf5291cb4ae72dee048e1e439b3cc03ecc8486bbd96b717c1fe95eb0948cf8,6
aaa38b74ae871764207ddc4b72154ad3935c2c20,StormPigs20080206_16_poundingthepavement.mp4,0864981a189782caa00302ca3466f560cee83806fd28deb41b22517ba6d7c8fd,7
aaa38b74ae871764207ddc4b72154ad3935c2c20,StormPigs20080206_17_PeterGunn.mp4,8a01ec4a0a5d7bad552081e664ef727130b52e8740bc1813b249a8446243f6f9,8
aaa38b74ae871764207ddc4b72154ad3935c2c20,StormPigs20080206_1_keepmewhole.mp4,73d73d33ccb35ca1da823cfd19a3976aa7d7f02a61873c93cd6f10712c617da9,9
aaa38b74ae871764207ddc4b72154ad3935c2c20,StormPigs20080206_2_ludefueled.mp4,b904cc09e956ee835eedff2ec0acf71a11faaca75b1460de9ff85d1332567750,10
aaa38b74ae871764207ddc4b72154ad3935c2c20,StormPigs20080206_3_bluesgroove.mp4,b7b6984cfafe435460f1db13ff1a79cf77a2e2e0f4008d654699868e93294505,11
aaa38b74ae871764207ddc4b72154ad3935c2c20,StormPigs20080206_4_sweethoneyjah.mp4,454d1970f6aee64cbe48c6372dbb336f7cc3336b5e7d568436181a10ec834794,12
aaa38b74ae871764207ddc4b72154ad3935c2c20,StormPigs20080206_5_noodlesoup.mp4,518e87c87a42ccfc42fedb908b99ab6cf981f88dfeb60a3ab05c5da50af7cff5,13
aaa38b74ae871764207ddc4b72154ad3935c2c20,StormPigs20080206_6_takethefngloadoff.mp4,a6ff68bc8c89659e43183cbc06942a4b1ee7b4fd31c6712820eb434e4ded8683,14
aaa38b74ae871764207ddc4b72154ad3935c2c20,StormPigs20080206_7_wheresCarlos.mp4,95cd64eec3cf32fc30cde0521fefeee415c2cd78880061183a95bc6f8ad203f6,15
aaa38b74ae871764207ddc4b72154ad3935c2c20,StormPigs20080206_8_takecarepeople.mp4,4f5cbbb20e32793005020f144e5be73d5be4303e93490cc096766415b04ed856,16
aaa38b74ae871764207ddc4b72154ad3935c2c20,StormPigs20080206_9_grindhouse.mp4,a06135f9fb9daee14fee9722dc3973e06e141cb62ccab054a0ca105ef5e0581d,17
0317be31fbc6a1cd944acb58a36b3141ba88980b,StormPigs20080403_1_rootingaround.mp4,c44e1b8236668f37a6b1a04fabde4a71cbcddaf9f91928841c4e0f67b03ec166,1
0317be31fbc6a1cd944acb58a36b3141ba88980b,StormPigs20080403_2_sometimeshoney.mp4,7aa4d1025cb1e1328738a948d84935bbe3aa97974112a7fae3a588306faf6f99,2
0317be31fbc6a1cd944acb58a36b3141ba88980b,StormPigs20080403_3_interrogative.mp4,f8b79864dce4139895acb6e79afd18f12ac08403f5f28fe050f1ccc2726e5b9a,3
0317be31fbc6a1cd944acb58a36b3141ba88980b,StormPigs20080403_4_betterdays.mp4,003dd3143d9b4de8adef7d3cad6230068e8ec1d6a26924669235fc8cc015a703,4
0317be31fbc6a1cd944acb58a36b3141ba88980b,StormPigs20080403_5_thinkingoutloud.mp4,a64d3ca2aec2f7c98f40bde83a30f30c2d414886b2f8df4f9fc913877a90ce66,5
0317be31fbc6a1cd944acb58a36b3141ba88980b,StormPigs20080403_6_TheTraveler.mp4,a5e7efe9c83df65b18d6bd77c9614a33833d997a9a041119607b69beda526cea,6
0317be31fbc6a1cd944acb58a36b3141ba88980b,StormPigs20080403_7_sneakyboy.mp4,02de614c9f575ede129a7ed5ece824c245901d2a0c8dd917bbc94404571d57a1,7
c623238a21022945b75fbcb1645492fc7d70225f,StormPigs20080821_10_PedroNormo.mp4,adf0e14e19e8f3f8a35e7deabd080ad5de4209c51f88863f24e223a62776d645,1
c623238a21022945b75fbcb1645492fc7d70225f,StormPigs20080821_11_AnkhsimusFunk.mp4,5d2681637ae36de28bbdb1b4b082d414a8365ecc634ee78e85e8c30fb5d2b753,2
c623238a21022945b75fbcb1645492fc7d70225f,StormPigs20080821_12_GoodnightLadiesandGentlemen.mp4,71d1a232c952f287576c8245eef876ae72bc04f57fe1ea0fe54ed7b84a0941b3,3
c623238a21022945b75fbcb1645492fc7d70225f,StormPigs20080821_1_SomeonesKnocking.mp4,268a5696997af42abfd2b613e50569fe1a78357ddfc251621c1cfe2b3667a1b8,4
c623238a21022945b75fbcb1645492fc7d70225f,StormPigs20080821_2_ZepItUp.mp4,ad4bbe43905f4206a5509f87f3868a70dd522f29525b4dbf7883133b4f56711d,5
c623238a21022945b75fbcb1645492fc7d70225f,StormPigs20080821_3_Rhinoceros.mp4,ea6515ae0975d29fb045fa4d6bbc342fe8644e6f4d563b227c864e3cca8f902c,6
c623238a21022945b75fbcb1645492fc7d70225f,StormPigs20080821_4_PrideNJoy.mp4,6bf14d3f97b273182a44c913811049d2281e6878a9eb2d3a9ceb0d5918bed87e,7
c623238a21022945b75fbcb1645492fc7d70225f,StormPigs20080821_5_A.mp4,29804098e057f016dc8314eb2a7c44c839e23750d2ef2ea495d14b3ddac100cb,8
c623238a21022945b75fbcb1645492fc7d70225f,StormPigs20080821_6_CircadianRhythym.mp4,96d01916c99bd59510b8b44d9ab8bb2d58de28a81b0aa1ea9035cf1b1f598baa,9
c623238a21022945b75fbcb1645492fc7d70225f,StormPigs20080821_7_DeadforYou.mp4,af570661efed544a4139dc16392308a906e178917ac08216bd3f85408eeab713,10
c623238a21022945b75fbcb1645492fc7d70225f,StormPigs20080821_8_nevertogether.mp4,4bb32b1a7a45ede5417ddeed3239feb9c6f0011e91befbac2628d9b411f2fdc6,11
c623238a21022945b75fbcb1645492fc7d70225f,StormPigs20080821_9_WhitePeopleJohnMcCainis.mp4,35623c2617617bb8338d061d6d2fa5f6a91122c0ef18a8ac53eaa24570173221,12
029eb9a3cdf38a76700df46179335a54da5141f1,StormPigs20081016_1_firstgear.mp4,25b2f45d99056593113ecd5e7c5e059422d6fde5bb4a7cc3d3c8fba926001d39,1
029eb9a3cdf38a76700df46179335a54da5141f1,StormPigs20081016_2_candy.mp4,fe58f2afe279ec2b01d6f96e1ed1b65339c212c23d008bb3d3614a7ac6eb1483,2
029eb9a3cdf38a76700df46179335a54da5141f1,StormPigs20081016_3_taleofelgordo.mp4,bf1187ee9ba3bfe1b6b1e8e27d7a9a6b2d4c2c230016f6bbc9850e472ebce2f7,3
029eb9a3cdf38a76700df46179335a54da5141f1,StormPigs20081016_4_rollya.mp4,baf1aa1bcd57a115dc5fa0dc5040819ea9064a0b6d9f57e0ce7a83cd61d63b76,4
029eb9a3cdf38a76700df46179335a54da5141f1,StormPigs20081016_5_sleptontheFagain.mp4,321ca7bbdce3c4ee087ad7f7eb54653065f3c3cb4056675f65aa37e14b70f4e1,5
029eb9a3cdf38a76700df46179335a54da5141f1,StormPigs20081016_6_noeasypiece.mp4,5ed946cad4d69cd48b1160cc6564a978da41e838eb883aa16e647d89b5b323f4,6
029eb9a3cdf38a76700df46179335a54da5141f1,StormPigs20081016_7_wecandothat.mp4,f132aa7f8abef0d26da97fcb6f9c582fd44a884c3b69b305c419177afe020929,7
029eb9a3cdf38a76700df46179335a54da5141f1,StormPigs20081016_8_journeyof1000miles.mp4,b8fd661d9f27c4d0cd6d69cb5ebd3d26c841261cf17b523dc9521e8798e337fd,8
029eb9a3cdf38a76700df46179335a54da5141f1,StormPigs20081016_9_thesign.mp4,35fb2e281890d0d5cf6a023425bd0299f48a2e9eabb0ad293bfe0845cb733458,9
825ed9250ec373c72a995c1341678a6c476a94d1,StormPigs20081030_10_mababee.mp4,608b49aa2460c30bd58589bb7eeda1d3de68a894c4590e98e7937487ea9db622,1
825ed9250ec373c72a995c1341678a6c476a94d1,StormPigs20081030_11_esotericswamp.mp4,4b6f07a682a39961fece28feda98c2b404873efa298af23bb217e05585e81e75,2
825ed9250ec373c72a995c1341678a6c476a94d1,StormPigs20081030_1_shakeitloose.mp4,5f879b3a7062972a17b2a028c722b9f20db3fd22fb74f5ecda1d8007013a1e63,3
825ed9250ec373c72a995c1341678a6c476a94d1,StormPigs20081030_2_socialcommentary.mp4,ca9540f8d7b0fc822cc51cfdf90fe3739b40e667fc67efc2ecf40d1ed3a37898,4
825ed9250ec373c72a995c1341678a6c476a94d1,StormPigs20081030_3_happyman.mp4,38933e51b9233a5b00f5f340bab1c65453f180453f19f57227a3301b211052b2,5
825ed9250ec373c72a995c1341678a6c476a94d1,StormPigs20081030_4_stillonmymind.mp4,29987a68dbce6df7e89d7c782b7f8609a28382652f5ea8578cccc1bbb9178e64,6
825ed9250ec373c72a995c1341678a6c476a94d1,StormPigs20081030_5_joetheplumber.mp4,42233c5995cced99c8745ef47c23a7820608ae2ca3a69ee39bacc0f072cf0f1e,7
825ed9250ec373c72a995c1341678a6c476a94d1,StormPigs20081030_6_countryfuckstomp.mp4,aae3a5abcbad173c21dc0e32fc03054681f11039031f8365b9cc7f3c6012ee1a,8
825ed9250ec373c72a995c1341678a6c476a94d1,StormPigs20081030_7_barethemark.mp4,e57c6286e5c22cbd730bd37e111cfeb0abec9c47c77a6aa01376e96064655a5f,9
825ed9250ec373c72a995c1341678a6c476a94d1,StormPigs20081030_8_sativa.mp4,99bf2a5ca22d1b4929ec03b095cbab8a5cc8a245a038b1895ca337fb3af0133b,10
825ed9250ec373c72a995c1341678a6c476a94d1,StormPigs20081030_9_littledose.mp4,371cb25102203f902912e206e5559b8b8264ebfd0935c49a792324c7ee04d749,11
474c508451e230613e892bc5507e673331e99257,StormPigs20090226_10_TheCuckhold.mp4,2ffdf9f0142d3698669b96fecaac098ae3c6de5a9af8cabbe372ba9184619d32,1
474c508451e230613e892bc5507e673331e99257,StormPigs20090226_11_songtobesoldtonissan.mp4,0c736e2bd75efccc0a287e0f9e6c2ce86172a4caecf35d3bc117e82a9d164eab,2
474c508451e230613e892bc5507e673331e99257,StormPigs20090226_12_TheAmero.mp4,d107690b5ed4d291eaffb0c6614aa50a3cea1a6082d835dcf9b38b8787ee8be5,3
474c508451e230613e892bc5507e673331e99257,StormPigs20090226_13_RepublicanBlues.mp4,4c4098e2e2c398e114fb252b474002c4dac5b2dc3c9dd65203c6c29649681b3a,4
474c508451e230613e892bc5507e673331e99257,StormPigs20090226_14_BedsTooBigWithoutYou.mp4,4d003cae9a2569caddda54f70eb788c259b480a873673ff506b9daa140651983,5
474c508451e230613e892bc5507e673331e99257,StormPigs20090226_15_SweetJane.mp4,397a0afe401b030d7b121a8e5f29fafa24ce8df9f693ab82786e6f1a88e8149d,6
474c508451e230613e892bc5507e673331e99257,StormPigs20090226_1_CreepinUp.mp4,fae0af3fd65a92d25c42f28e775c4d54b4b191727aeef67f274b2fcb34b00355,7
474c508451e230613e892bc5507e673331e99257,StormPigs20090226_2_KickItOver.mp4,20f6b2a78fd53a575ba4bb2a12621fd3ece881ab81cf6dd4b00a98ea1e963097,8
474c508451e230613e892bc5507e673331e99257,StormPigs20090226_3_HazardCondition.mp4,64a17cdf81f783385c1bfd1b142bc6e51eea5101e5c0800cf01a5c478bc9edfe,9
474c508451e230613e892bc5507e673331e99257,StormPigs20090226_4_noodleblues.mp4,fc3d9d17f188386828d0908fcc1e9e265ce3da3cf3a857b3494940d4cfe18162,10
474c508451e230613e892bc5507e673331e99257,StormPigs20090226_5_ArneSaknussemm.mp4,5d8466df772fe2fa4d268243900fdd7e574944f8c186c991492588330beb23b0,11
474c508451e230613e892bc5507e673331e99257,StormPigs20090226_6_AverageWhiteBoyBlues.mp4,dc39c616aeb89ab1f13def94f85e078b950a3cee7f7dcbf12d043400b34403b1,12
474c508451e230613e892bc5507e673331e99257,StormPigs20090226_7_Git.mp4,28e356d7fed3d8f9e40ccc9b03e78fe86bb3313b23270869dcb6bc8b5dfb3a88,13
474c508451e230613e892bc5507e673331e99257,StormPigs20090226_8_TheReligiousHour.mp4,4a2ec284d35ad1a1bafff7548ae1aef272c01067355fba0ed802cc956a7d4bff,14
474c508451e230613e892bc5507e673331e99257,StormPigs20090226_9_WeLovesDaLadies.mp4,bd2e3dee1496985a99bbf9120a594020d45007ab41b3c83bacd9d636597b8675,15
9fc0fae2bf3b2005d691f3cc7c594959ccdf0489,StormPigs20090430_10_brandyourselfmonkey.mp4,f73a059e922159943a77767361d0bd0af43393a1ca6792ea81fe06bcbc412bab,1
9fc0fae2bf3b2005d691f3cc7c594959ccdf0489,StormPigs20090430_1_fightterror.mp4,6bde0843283f539bb1c52d221e00637ea4afcf1629e8e4f29e07c245f2b7a548,2
9fc0fae2bf3b2005d691f3cc7c594959ccdf0489,StormPigs20090430_2_sunnyup.mp4,4011e7133a2778c0a1149712c26ee89b536f90e4e4388f714c3cb170277b3eae,3
9fc0fae2bf3b2005d691f3cc7c594959ccdf0489,StormPigs20090430_3_utterthetruth.mp4,74a08bf49c1fab5ee5c6004d272634fa94b6dc27c98aa9c3d263b216cf93a8fe,4
9fc0fae2bf3b2005d691f3cc7c594959ccdf0489,StormPigs20090430_4_tighties.mp4,6dd7db2087daf7257cfa90ca63b94132dda38cc3302e1b6ce075f989a402dda5,5
9fc0fae2bf3b2005d691f3cc7c594959ccdf0489,StormPigs20090430_5_digitalclipping.mp4,d0eaf2b64efa3a8ec6277abb13e2a6984a87ff431f12997a105630e23ee1065a,6
9fc0fae2bf3b2005d691f3cc7c594959ccdf0489,StormPigs20090430_6_dullalarm.mp4,ffa5430f24a06603a5893ad803fe3a62724326e0436977dca84ddef011bb280b,7
9fc0fae2bf3b2005d691f3cc7c594959ccdf0489,StormPigs20090430_7_seethroughyourskull.mp4,e3b29eae048454830594f218c8223e555a630aac07d14ee767bbd3968c14c12e,8
9fc0fae2bf3b2005d691f3cc7c594959ccdf0489,StormPigs20090430_8_terrorfromtheskies.mp4,3335dcc884fb0cab233b74ef2cf9189168c56ea87dd8bfac0eafd35228bb6219,9
9fc0fae2bf3b2005d691f3cc7c594959ccdf0489,StormPigs20090430_9_slowbank.mp4,3f62f4c664df5b28d72d5dfb088133fc4143265dac4498cb35497fad2a8cfb7c,10
5a49b342d5b40fe5cbc3d525295e571eb1ea7cd1,StormPigs20090514_10_fadeaway.mp4,e973f5a473653f36f449fc1813b6af3b0007f2f2d91011d6a00a58d40b3972b6,1
5a49b342d5b40fe5cbc3d525295e571eb1ea7cd1,StormPigs20090514_11_proto.mp4,d3862d3915e1614043a843a36f626790c3c22c40c360cb5e5c9b7b85c366f810,2
5a49b342d5b40fe5cbc3d525295e571eb1ea7cd1,StormPigs20090514_12_themerskdescended.mp4,ccc9cf6672f56b9dfc40b9fa563ea3f04e9696cd31862dae0ab8265b96ef08a7,3
5a49b342d5b40fe5cbc3d525295e571eb1ea7cd1,StormPigs20090514_13_overfortywiringissues.mp4,e107885b254f1036ed58fc92ac1b2290c7bef4dcde652e8307418c678192f69e,4
5a49b342d5b40fe5cbc3d525295e571eb1ea7cd1,StormPigs20090514_1_reignoverme.mp4,9fceeedec5b8575cbd75cfb497ebc8dee197b961b4980df09178e44fd22da365,5
5a49b342d5b40fe5cbc3d525295e571eb1ea7cd1,StormPigs20090514_2_slippy.mp4,e942f0202761e8d26c9530c85960d35954a30c63f2486a899e60ca0eedd7c99f,6
5a49b342d5b40fe5cbc3d525295e571eb1ea7cd1,StormPigs20090514_3_stormpigsasspat.mp4,1126e9cdfd5df042d1d833d33b4c4ed8bc09d8095f64db25eb9488c1a1e20b7e,7
5a49b342d5b40fe5cbc3d525295e571eb1ea7cd1,StormPigs20090514_4_warmuprocker.mp4,68c47287574e2d5859ef2e9f6ae25bbb3990b4e60543695b335d9c5f3c86b2aa,8
5a49b342d5b40fe5cbc3d525295e571eb1ea7cd1,StormPigs20090514_5_seborreahjazz.mp4,47cf372de546d5ec28605693c370931ccdb8c8a08b1bc58de9bb452cd40fc324,9
5a49b342d5b40fe5cbc3d525295e571eb1ea7cd1,StormPigs20090514_6_murrayhillbillyjam.mp4,9d669c8ac3da4c358f905b774d9e00af8f332f065fe88c93ae98bb10268c6789,10
5a49b342d5b40fe5cbc3d525295e571eb1ea7cd1,StormPigs20090514_7_milfcriesscotto.mp4,ee94935e16c24f0431d0a17c44941268ffffdff26d1591db7c0f69163d5c77ce,11
5a49b342d5b40fe5cbc3d525295e571eb1ea7cd1,StormPigs20090514_8_swabbedintherightplaces.mp4,9a1fb40839eed772a8eec154e860e85a7ca80e26230ae0f9d868e6463302fd8f,12
5a49b342d5b40fe5cbc3d525295e571eb1ea7cd1,StormPigs20090514_9_twomanluge.mp4,df341f27a5bc341f39f3276c682e92c8802e618434173064e3ca74060dd3e921,13
f7ad33b02573a2466179b46872fd464f29f5243f,StormPigs20090603_1_thebigeasy.mp4,400b4c2e399e0137e5afb082cac53ad70803da295e6a0c663f4d7f44cdcd29a6,1
f7ad33b02573a2466179b46872fd464f29f5243f,StormPigs20090603_2_nowthatsrockandroll.mp4,a88b78358541856411ef47a88e8d1ffa17f9e7c8850eb4d3171fb826122178d2,2
f7ad33b02573a2466179b46872fd464f29f5243f,StormPigs20090603_3_lifecycle.mp4,60031743f622d141128530cc3fb1be4e3d062e2160205bc519f7f3c5eb710e88,3
f7ad33b02573a2466179b46872fd464f29f5243f,StormPigs20090603_4_whatswrongwithhappiness.mp4,26d8ba1f645ae1a7949b2ce2c2d8b02a443170daded6e8e459d1965d44dd63f2,4
f7ad33b02573a2466179b46872fd464f29f5243f,StormPigs20090603_5_islandrock.mp4,4a4b3e5a047c461e326389947444004208e2771fef91932d013440667efaf325,5
f7ad33b02573a2466179b46872fd464f29f5243f,StormPigs20090603_6_lafonque.mp4,cb2d0108d2f2f4a1d9858fd77f006e7aece375f35e13b8e81b549e621bc458a2,6
f7ad33b02573a2466179b46872fd464f29f5243f,StormPigs20090603_7_theflavor.mp4,935453a9be6bc46ac247ca20f03f6afe5f3fa368eb3b622265b0b784cea9b96c,7
f7ad33b02573a2466179b46872fd464f29f5243f,StormPigs20090603_8_mordorblues.mp4,a33f68c6c3c622d645e705c7efdd2192c5a4ce7fd365db74cdcc8f69bd81f590,8
0721a757ebab38a223e2934ddcdaad4ba2c53e44,StormPigs20090730_1_abadtaste.mp4,e30caa5a13c41e323898f6110f44bbe2747a1964814fe62af9d78502af824533,1
0721a757ebab38a223e2934ddcdaad4ba2c53e44,StormPigs20090730_2_nycraga.mp4,ae234c3cb182dc0bd65a0586576b8e13bc7f9ae6d4e5515bf4a2eaae6fbac2e2,2
0721a757ebab38a223e2934ddcdaad4ba2c53e44,StormPigs20090730_3_disjointedbitch.mp4,3b2e435d352fa2239ff823e4c3467a97baad994683a144195111a59a64ba16c4,3
0721a757ebab38a223e2934ddcdaad4ba2c53e44,StormPigs20090730_4_anytimesforcefeeding.mp4,6b4450a5fd70b7cd65870d95e57ff405c361a57a81d113e4247f4f7d10f3e21f,4
0721a757ebab38a223e2934ddcdaad4ba2c53e44,StormPigs20090730_5_myprincessfullofvice.mp4,e7ca72704be86679035a1cf3d0c869d051766916089da62954870c242c2faf9a,5
0721a757ebab38a223e2934ddcdaad4ba2c53e44,StormPigs20090730_6_theplump.mp4,022fc366998f3037f7380f9f903543a0de74c02ac0aee8f4f6fceb6c91c8c275,6
0721a757ebab38a223e2934ddcdaad4ba2c53e44,StormPigs20090730_7_faggotyjazz.mp4,1f6cbca85bef72d6ead3c19c19aafe5b19ec778053922fc235bb04bab584739c,7
0721a757ebab38a223e2934ddcdaad4ba2c53e44,StormPigs20090730_8_lowpassinterruptus.mp4,cf12488d0c09dbb1e9904a6a8e321dcc83b6d6e21671acc7bf791af21ae22f73,8
e7be4924a366b0bc09b7d28887b9a47f0f1f76a7,StormPigs20091215_1_mudderhead.mp4,4d0cbba0ce5575fe8c1ca183b14f7172c7afc83bed4485484c17539d412c02ec,1
e7be4924a366b0bc09b7d28887b9a47f0f1f76a7,StormPigs20091215_2_spaces.mp4,37923552cace44ec36d3a7cd1d3f96152261db7304133b32b385cb1b9781c095,2
e7be4924a366b0bc09b7d28887b9a47f0f1f76a7,StormPigs20091215_3_velvetglambag.mp4,32a7eaf765c9589a23cd8ce1d7be8e9a0988c229f510778ec7bbb5b3d53b62d4,3
e7be4924a366b0bc09b7d28887b9a47f0f1f76a7,StormPigs20091215_4_leaveroomfordaddy.mp4,f884b8f3cc6a785e28af49e48de853543f4fcf87a48d0c29a686a8ba9a7e1d68,4
e7be4924a366b0bc09b7d28887b9a47f0f1f76a7,StormPigs20091215_5_hedtrip.mp4,768a30b1decb20042a0bfa44c3dcfe341776a5401c7d44e35700fffd9f129dd7,5
e7be4924a366b0bc09b7d28887b9a47f0f1f76a7,StormPigs20091215_6_gowanus.mp4,48adb214931ae276cc13bc33274009a97bef400c6b9e3981e492cb4ab59df92f,6
2f14fc1b7889531c0e204ef6a8df38d5e6aa8224,StormPigs20100128_10_desperado.mp4,284aba49473298733664d71f2a3c712177a1eccec79a64f7c1b769613409557e,1
2f14fc1b7889531c0e204ef6a8df38d5e6aa8224,StormPigs20100128_11_peachulator.mp4,fea125f9c356f74c8fdd3749de76f1a0c2cbe797cdb63f33e5831fb23c054896,2
2f14fc1b7889531c0e204ef6a8df38d5e6aa8224,StormPigs20100128_1_workerbee.mp4,af26656a14556dc1cbecc635fec7cff31c30dae178d0166d2d4ce635bcebf6bc,3
2f14fc1b7889531c0e204ef6a8df38d5e6aa8224,StormPigs20100128_2_bigpan.mp4,4e3e7369831e2c9084134e1ce09b7997257bd271a73a9eaadcff48a93f042967,4
2f14fc1b7889531c0e204ef6a8df38d5e6aa8224,StormPigs20100128_3_ridiculousinterlude.mp4,9eb8d42bdc3aca2e9853ad51ebf8149bf0bb12a6d4acd1eb86126c7f1059d0c2,5
2f14fc1b7889531c0e204ef6a8df38d5e6aa8224,StormPigs20100128_4_bikerboothoney.mp4,4fb795abe5ecf67ed3a6ae8ff8893e1d874995f348a4b8f86604c971de8e1036,6
2f14fc1b7889531c0e204ef6a8df38d5e6aa8224,StormPigs20100128_5_hunter-thrilla.mp4,3108a73a43e07f544c359f8c55ae408c3cf0ee2e8bfb256a3b2542cf73dd6276,7
2f14fc1b7889531c0e204ef6a8df38d5e6aa8224,StormPigs20100128_6_bloodshedattheotb.mp4,a678c443373ca49409cd87a46e14b0ad13ae09361255a52865b0873874ae009b,8
2f14fc1b7889531c0e204ef6a8df38d5e6aa8224,StormPigs20100128_7_wetphallus.mp4,ac8858ead6ca0a9794f0f82b3ccc0a0bb29dddf2e4f166ba0c9db74f58730eda,9
2f14fc1b7889531c0e204ef6a8df38d5e6aa8224,StormPigs20100128_8_cakebloch.mp4,e084bfcd68bc0773c0a8a4a5a51b30c00ac33fb4e14a3bbb49e0f82d8c4bd9ec,10
2f14fc1b7889531c0e204ef6a8df38d5e6aa8224,StormPigs20100128_9_herestotheyellownblue.mp4,8d4cc80934cc11616bfd417ab42995c10acfb4b1c8d69ba94f768e1e6d783e97,11
9d45e5c3c43f38931baa01fd9241aed67c264d1c,StormPigs20100926_1_fakeplastictrees.mp4,4ece157a9223e890beac320252b2f5743eee00d75a6b4a281f642b26dd089aa0,1
9d45e5c3c43f38931baa01fd9241aed67c264d1c,StormPigs20100926_2_heartbreakerjam.mp4,0fab10ed9cabcc92da9931e9d60562f749b0b6f33a1962be294e5ccd582d1722,2
9d45e5c3c43f38931baa01fd9241aed67c264d1c,StormPigs20100926_3_blockhead.mp4,bb537ce28c7fe2154dd85a6d9c330c51407eda90e38fb72df5513c0b38a88823,3
9d45e5c3c43f38931baa01fd9241aed67c264d1c,StormPigs20100926_4_countryroad.mp4,3af1e437f47c66e748af2b914471bf02e941eba228256c027564f6f99bca2232,4
9d45e5c3c43f38931baa01fd9241aed67c264d1c,StormPigs20100926_5_asgodmademe.mp4,a97e823aee9134a15f6f2f825deca4bba85e0a4c2790d8f7cfb5286bb6829e55,5
9d45e5c3c43f38931baa01fd9241aed67c264d1c,StormPigs20100926_6_honkytank.mp4,61893dff5c65b65952d903742d275f0d4e74ed8654a444f564d933a7bbb1e046,6
9d45e5c3c43f38931baa01fd9241aed67c264d1c,StormPigs20100926_7_bayoustomp.mp4,cb5b0ecce1a5ff131974a3e7a0196a2a7cbcd562a983aa8b514ee3d5f7c96194,7
9d45e5c3c43f38931baa01fd9241aed67c264d1c,StormPigs20100926_8_lowenergywoes.mp4,1d02db2b0c892a4d403f4d871d894a1637df7f85a3d4ac846c3555081de64ae4,8
9d45e5c3c43f38931baa01fd9241aed67c264d1c,StormPigs20100926_9_bigoleriver.mp4,8f16fa84c35e564868961c5635b5681f6d7dd2a6e47db8f3f045209b60b782ca,9
8333b889dd30af3ea80e9b9bf0fab64fd6a9f925,StormPigs20101028_10_johnnyb.mp4,17edc8e9d35be2e7e33d4439e96ccf538aab8dd1a68734539c21285e8ecf38a6,1
8333b889dd30af3ea80e9b9bf0fab64fd6a9f925,StormPigs20101028_1_getback.mp4,b0c7d7b8699c92c324132c9e4665bc8b0cda7d80e0e67704e8336785e186029f,2
8333b889dd30af3ea80e9b9bf0fab64fd6a9f925,StormPigs20101028_2_canthardlywait.mp4,9b6ab80c692da01f1c98208fcd07616ba18a3160414a49d0156b11d59bba4286,3
8333b889dd30af3ea80e9b9bf0fab64fd6a9f925,StormPigs20101028_3_rambleon.mp4,8de3a2c3cf45fe2fd9cd8f271264e8ad0d3e0d37ec71812feac2c03451dd6aa0,4
8333b889dd30af3ea80e9b9bf0fab64fd6a9f925,StormPigs20101028_4_comfortzone.mp4,cc2a7f1d942e4f06c2373bbfb7501d4c6436017b9573347fbd279bd3c4952a4a,5
8333b889dd30af3ea80e9b9bf0fab64fd6a9f925,StormPigs20101028_5_intermezzo.mp4,6a4e21b6e8bcfb93a988fbdd69ea6212dd82b8924408a0d6ec468713f66baf65,6
8333b889dd30af3ea80e9b9bf0fab64fd6a9f925,StormPigs20101028_6_midnightrambler.mp4,b5da213cf66387133f1a94e9b850d6de21a0efd4e0c4d3891252f1a93f319491,7
8333b889dd30af3ea80e9b9bf0fab64fd6a9f925,StormPigs20101028_7_nowingedpig.mp4,6440d4a09ef16a2e164634844e06d9f1a3b1d0e61cebdaa73cc31cad9dbd00e8,8
8333b889dd30af3ea80e9b9bf0fab64fd6a9f925,StormPigs20101028_8_nightdescent.mp4,fbd23e8c351a4f30f1643b7fb298af66eca0f5e44384b58f61b97366b04ad6a6,9
8333b889dd30af3ea80e9b9bf0fab64fd6a9f925,StormPigs20101028_9_sympathetiqueadiablo.mp4,ba3881a7872709a0f6f1a5d70ff278c523b816eaa4e58d7cbaef4361230fccc8,10
4eca858934531e3edf0b543413b453f68226d733,StormPigs20101228_10_holidayjoy.mp4,435553b66fa99ef6ee5499d3afe8bc5fa1c2d12bea9d57751211ff1fc7897e65,1
4eca858934531e3edf0b543413b453f68226d733,StormPigs20101228_11_finearabcharger.mp4,8b82afe837e3c2126dd0dbd973231cb6547678c270e3c044ff59fb8a2cfd31a8,2
4eca858934531e3edf0b543413b453f68226d733,StormPigs20101228_12_fringthebunk.mp4,ecc2a0466b5a3cbeba8eab15910bc84e6fa78668a8f29ab24ba28dd1e77555bc,3
4eca858934531e3edf0b543413b453f68226d733,StormPigs20101228_13_debtville.mp4,e062b6b024a4cbd3bf43194e366f8e2e3bf6124444fea101f1a53e47a6b4ca70,4
4eca858934531e3edf0b543413b453f68226d733,StormPigs20101228_14_butwhoarewetosay.mp4,f9264bbf92288d70ad1a3c5701822fecf92d052e86739025b6bf2534845f88d9,5
4eca858934531e3edf0b543413b453f68226d733,StormPigs20101228_1_pump.mp4,636213dbc72621b38661787e5a91dade8f579db5b53f76ca4dbcefa0c98a7f21,6
4eca858934531e3edf0b543413b453f68226d733,StormPigs20101228_2_heartattackblues.mp4,62d4cd5c29ec36441c0714881417a47418dceb814e2e5a4edb29a9929e08e1ec,7
4eca858934531e3edf0b543413b453f68226d733,StormPigs20101228_3_laydownevilG.mp4,6dc2e6341efb1944d8dbf22a8b68b235bbee7d450c61e55f2925c2359a177ba7,8
4eca858934531e3edf0b543413b453f68226d733,StormPigs20101228_4_fBooked.mp4,65b5afad5f35064a04dcb56a442bd9d6ad37b5994b55ea2c15722bb635a6e007,9
4eca858934531e3edf0b543413b453f68226d733,StormPigs20101228_5_charam.mp4,584c75146a8b7ab2971f5c51724bac9123de15488c322ff956b18f27f6159265,10
4eca858934531e3edf0b543413b453f68226d733,StormPigs20101228_6_dirtysanchez.mp4,012328a94b147aff33fa7c3f6709bdede48ee76f5e1ca84895d8a8504323fc4b,11
4eca858934531e3edf0b543413b453f68226d733,StormPigs20101228_7_faith.mp4,b2f3f86ffff7b50b927e26334521d3179555de6c2b7b39f0f86e7c6de6e30740,12
4eca858934531e3edf0b543413b453f68226d733,StormPigs20101228_8_vietnamistan.mp4,ef35558bfe06fbba7644702a9e3b35f31659036d7f63367a43ad53dd589f6f3e,13
4eca858934531e3edf0b543413b453f68226d733,StormPigs20101228_9_thatsnotahatthatsacabbage.mp4,be0cbcb2de8c77cea3ca36eab8acac968b72916db4328ff22c42565f219fd399,14
6e2254f7b96a7f4ad7e58f3ea39ff340bde0a85b,StormPigs20121126_10_crashdive.mp4,aadcb3d9748cd2d227a0079cdeb5b7add65c8a95adf39ce15e4130ef09fe9dca,1
6e2254f7b96a7f4ad7e58f3ea39ff340bde0a85b,StormPigs20121126_11_beenherebefore.mp4,ee19f6270eeefc7b85cef514b69ba5b1b4097d53c43d3101746010dd4ff28e33,2
6e2254f7b96a7f4ad7e58f3ea39ff340bde0a85b,StormPigs20121126_12_tightywhiteys.mp4,44bde657a9522952225c6449e8eb0a4724fd140a245c941f903f7a120eae32d9,3
6e2254f7b96a7f4ad7e58f3ea39ff340bde0a85b,StormPigs20121126_13_gotstastaypositive.mp4,37162a42fd89b992cbe7fd2d0f62824ba89fc5fb3445f9b79f92b6712af9c2f7,4
6e2254f7b96a7f4ad7e58f3ea39ff340bde0a85b,StormPigs20121126_14_noreprieve_bolts.mp4,cb20433323e7bb985f892ead08da87724e59f6d78f3ba538f0ba87f32fefd607,5
6e2254f7b96a7f4ad7e58f3ea39ff340bde0a85b,StormPigs20121126_1_channelingFrank.mp4,0add8e588ab5af8c04592d95f23b1529814c2d30201bd280a504882454c5213b,6
6e2254f7b96a7f4ad7e58f3ea39ff340bde0a85b,StormPigs20121126_2_peach-ykeen.mp4,08d7317b75e0c5661f1afecc375de4777c128018a60da53849e4332b90bb27d7,7
6e2254f7b96a7f4ad7e58f3ea39ff340bde0a85b,StormPigs20121126_3_letitgo.mp4,d356afc9c77978b2297635d5e0ab4d45781b2416f0f1a790ec9b8f747f08b3f4,8
6e2254f7b96a7f4ad7e58f3ea39ff340bde0a85b,StormPigs20121126_4_sidestreetscam.mp4,8fbe09c9c835d76e5798a1192127b81d7956316d3bf666aab533ff8be6e5e686,9
6e2254f7b96a7f4ad7e58f3ea39ff340bde0a85b,StormPigs20121126_5_freshasadaisy.mp4,737dfbd32d66a73602d830d2a634c33f4dfa5b65f8836ebcd3ac8662dded5817,10
6e2254f7b96a7f4ad7e58f3ea39ff340bde0a85b,StormPigs20121126_6_sightforsoreeyes.mp4,92dd34b8d662abb488d1c4084b7d7b4a36aa33298af62253a86f780d1f2c9aeb,11
6e2254f7b96a7f4ad7e58f3ea39ff340bde0a85b,StormPigs20121126_7_munstersgroove.mp4,2b522363735cbe553e03a7eec15e7a8a1cb5ce8cdaf12d2c05727c70fa0856c4,12
6e2254f7b96a7f4ad7e58f3ea39ff340bde0a85b,StormPigs20121126_8_boywantsasalad.mp4,871e33ac7d54e7c3dda18896895f8aa795d4b00cf94ac756aaf31d31dc81d919,13
6e2254f7b96a7f4ad7e58f3ea39ff340bde0a85b,StormPigs20121126_9_hillibillyhop.mp4,0a005ce6ae9f1cb23d955f42777ff8253c9599ded609a2c5ca998428ccd98815,14
b9672d39ca9e7533abd4a3d8117fe8284fb52bfa,StormPigs20131119_1_radicalnewworld.mp4,b22965778d15f640f6b49d640ebe823f80ff6fbbb585ce681adf2717405443ab,1
b9672d39ca9e7533abd4a3d8117fe8284fb52bfa,StormPigs20131119_2_attachyourself.mp4,32b98b620bca6ca0589e23ae93082bbf19d83c28e50ab70baa33ac3cf757e6f6,2
b9672d39ca9e7533abd4a3d8117fe8284fb52bfa,StormPigs20131119_3_sexysuburbansm.mp4,491afce3fc0d25f546b253df53f9157f9148a90c12bd44e46d6471ae283b2c9d,3
b9672d39ca9e7533abd4a3d8117fe8284fb52bfa,StormPigs20131119_4_inthebeginning.mp4,538e2859151eb7452698b29034a024e8fcef981d1333780059162f641c60991e,4
b9672d39ca9e7533abd4a3d8117fe8284fb52bfa,StormPigs20131119_5_pchoffrant.mp4,f0dab80878dcfca0f4b888dd270eee853d52cf3c8e41d297a7d18a59d903dfd0,5
b9672d39ca9e7533abd4a3d8117fe8284fb52bfa,StormPigs20131119_6_musicbizwoes.mp4,eb69460a8171486dcca81f93673c5ff81376488fbacf087a489c450ca30fdd8d,6
b9672d39ca9e7533abd4a3d8117fe8284fb52bfa,StormPigs20131119_7_austriandancegroove.mp4,0839ddccca3d2ce82f9b7595bcd51c53ba4d20d6e67a34b0304412314faa8372,7
b9672d39ca9e7533abd4a3d8117fe8284fb52bfa,StormPigs20131119_8_submission.mp4,d7261b407eeda18a434b87b984e7c84b46a3a6d141244304952c477bd87e8f63,8
b9672d39ca9e7533abd4a3d8117fe8284fb52bfa,StormPigs20131119_9_psycosmicstrokejob.mp4,88b6a4bbb0d73cf7934aa1b3905afaf4843dbfbc98efb0cc3ef5b160978e8b34,9
b665d9ca26152e81df93679e687261c5c23299d5,StormPigs20131227_10_likeanangel.mp4,7b2b08a3bdbbbcb738a3dc90a35548e3ecc293b13a3f444be65773dc065a5e99,1
b665d9ca26152e81df93679e687261c5c23299d5,StormPigs20131227_11_thewheelturns.mp4,3ba85b8e072baff40c641915656d280a8cce3a4634c04ca5d6bfce77087fc76c,2
b665d9ca26152e81df93679e687261c5c23299d5,StormPigs20131227_12_sevenyearblues.mp4,a9e4b7142182da6fd6ac565e641476f6050eb6cf9b43abd9b5eb8e81269f5cba,3
b665d9ca26152e81df93679e687261c5c23299d5,StormPigs20131227_13_straycatoutro.mp4,47221bc699ef844680b416db6502c8e2c42a1ef8c4d4bb99e3de3099c67ca93b,4
b665d9ca26152e81df93679e687261c5c23299d5,StormPigs20131227_1_balladofskinnynick.mp4,ff871c15a2284446735d28510c3749daa742db0feccdaa84039d3e7a0269c30d,5
b665d9ca26152e81df93679e687261c5c23299d5,StormPigs20131227_2_astormpigsholidaytoast.mp4,ddb52fbe4a988ef65dbb292a4308de8aa3d52c1c2ad2ef5b3197384f0c38ddbd,6
b665d9ca26152e81df93679e687261c5c23299d5,StormPigs20131227_3_vfwrfd.mp4,6115395b7d68f49e86349ae5166c0b9227ce9019b7a38a0a8b344193ae7497cc,7
b665d9ca26152e81df93679e687261c5c23299d5,StormPigs20131227_4_thisbottle.mp4,b666471082abbc953e8e689ae95e0747357d793c362a82dfab6d8572813c2a51,8
b665d9ca26152e81df93679e687261c5c23299d5,StormPigs20131227_5_playthegame.mp4,67ba43f034b756932f40ea2c6b188581ad14feb7784a6d0e829abdd82b7f7cfc,9
b665d9ca26152e81df93679e687261c5c23299d5,StormPigs20131227_6_wolvesandlambs.mp4,6f0ea1ace1aff0aa51dd1cfa3ab0ae9e6f221a4996293baec46f894e605f71f7,10
b665d9ca26152e81df93679e687261c5c23299d5,StormPigs20131227_7_whatishappening.mp4,5ad40d1c02cf039d1adf69853ca6eac041deb47df11f4c2fe9d20021f84f2f10,11
b665d9ca26152e81df93679e687261c5c23299d5,StormPigs20131227_8_justareprise.mp4,5b2cc8ea8e25ba40c85cfd67fcccaf44f55f72d5a7568fa3ede63d4b8eb7abca,12
b665d9ca26152e81df93679e687261c5c23299d5,StormPigs20131227_9_dig.mp4,355db1209194b28083af67a0fc54567b75ef971120a432120b4700d95a35f57e,13
e6f87f8a0b19d579ffebc08e2e5424a71b3bfa81,StormPigs20140416_10_jellybean.mp4,149d8d9582f60312b95540a7bc792c0040b4bc1f033f0544caa62d85fe372805,1
e6f87f8a0b19d579ffebc08e2e5424a71b3bfa81,StormPigs20140416_11_youalwaysdo.mp4,3e637ad41e9003332e9fc12468bed2e1626cf8b8bad0263141c64c95b53590b8,2
e6f87f8a0b19d579ffebc08e2e5424a71b3bfa81,StormPigs20140416_12_rollingroove.mp4,ec2e93a25f0f6b8b7f6aea284bb6b09ba0a3c1ae3461702f349f01f0078fec9e,3
e6f87f8a0b19d579ffebc08e2e5424a71b3bfa81,StormPigs20140416_13_sweetestalibi.mp4,8006b29281f3c75fa99e65edf2f45f51723f1e410986c84a9c999e3735f7912e,4
e6f87f8a0b19d579ffebc08e2e5424a71b3bfa81,StormPigs20140416_14_introductions.mp4,4ea21c9c729212465394392428e7a95f994853f95227ac7f353c682a0961c793,5
e6f87f8a0b19d579ffebc08e2e5424a71b3bfa81,StormPigs20140416_1_igotwood.mp4,d6b43c194c74e57c9af7feea62abb0e91c26ea277ab2eac3a2d5a878167b1f4b,6
e6f87f8a0b19d579ffebc08e2e5424a71b3bfa81,StormPigs20140416_2_shutup.mp4,2a3535cff2179656d03148c2335abba64f381bbfa39fcca02a1a7fabd1e49262,7
e6f87f8a0b19d579ffebc08e2e5424a71b3bfa81,StormPigs20140416_3_cocoonboys.mp4,cd39326e7f4bfa254fd57a0fec194c1004997404084f4c2ac8c0a93d551fc5ba,8
e6f87f8a0b19d579ffebc08e2e5424a71b3bfa81,StormPigs20140416_4_kingkong.mp4,e2fb5fb9e91110c140bca01837db3ad7a6bc2ffeaed09ce06022b81e41aa5cf1,9
e6f87f8a0b19d579ffebc08e2e5424a71b3bfa81,StormPigs20140416_5_hardrocker.mp4,d7a7e0632c4ab47af44d2023cb5bf259e18c8ff49a8871b7aedff24eca2ef12e,10
e6f87f8a0b19d579ffebc08e2e5424a71b3bfa81,StormPigs20140416_6_lebatree.mp4,ab298145007d46a3b7f9b09c3a643cd93715ffa6a645db6e4b98816d5ecf689c,11
e6f87f8a0b19d579ffebc08e2e5424a71b3bfa81,StormPigs20140416_7_heblows.mp4,4957ca2506bad2be37595a0f929bdd4251e7ecf9d8005d08e49af7ddc90ad28f,12
e6f87f8a0b19d579ffebc08e2e5424a71b3bfa81,StormPigs20140416_8_rumblintrain.mp4,c8e24fd7a7d22f22f971f97901dc6e9803cf4e76d101c9b55acfe25863d5052c,13
e6f87f8a0b19d579ffebc08e2e5424a71b3bfa81,StormPigs20140416_9_dimthelights.mp4,ffc50f060457b3252a5905c6b6cf586c84509980001d42030dfba7c8184c4cb8,14
f79a771da2abed63b9190d153e060b796956208d,StormPigs20140807_10_grinderredux.mp4,1291a6886013a49fabfabc2288aede27f441990688d0476d443faf96eb760e7e,1
f79a771da2abed63b9190d153e060b796956208d,StormPigs20140807_11_ifyouleavemenow.mp4,30d88bbfd216a49d3b1f9a70a8edeeb76ec6035da801db6140359f33410fe479,2
f79a771da2abed63b9190d153e060b796956208d,StormPigs20140807_12_sissifoot.mp4,d3847058046472d7a6f5cad4c9f4b6d532f9800702c54cc9c58e3734cdefde04,3
f79a771da2abed63b9190d153e060b796956208d,StormPigs20140807_13_shine.mp4,f3c913f12888468add3241a44bfbc8808a30658b764dcb937968821a62efb6c6,4
f79a771da2abed63b9190d153e060b796956208d,StormPigs20140807_14_thirdsowfromthesun.mp4,650a08c97f7a91a9e3badaef3de5cd2fadffd7080e00e768eed17fff30815532,5
f79a771da2abed63b9190d153e060b796956208d,StormPigs20140807_1_shakeit.mp4,c9a08a4c03def91c12751761324ac743c6430a78f38e72ea80ee686a9a47d87c,6
f79a771da2abed63b9190d153e060b796956208d,StormPigs20140807_2_holesonthewalls.mp4,ccacd58f635ff52ff19a69be9ad3a0637f2f2a63f13928b93c36f6e40923945a,7
f79a771da2abed63b9190d153e060b796956208d,StormPigs20140807_3_blueshat.mp4,525e42f596e8d37349053dbfbd2af940062a323c45d5939f4f85229d276cafe4,8
f79a771da2abed63b9190d153e060b796956208d,StormPigs20140807_4_hotmess.mp4,7b6971ef5919c8556bf58d6b90a66ef87925179d26687732fca4a42bb24cff6d,9
f79a771da2abed63b9190d153e060b796956208d,StormPigs20140807_5_mulesque.mp4,3b5294ff2fc4521d786cc18ab7d55e539c16dfdc5355a52de20cefd9f5cba33c,10
f79a771da2abed63b9190d153e060b796956208d,StormPigs20140807_6_intermission.mp4,4b6c1c57d1699b1cb9dcb6a6dcef76159e35f8fe2ca0a7c44789a5039d75da5a,11
f79a771da2abed63b9190d153e060b796956208d,StormPigs20140807_7_mothershegone.mp4,e8d92360a97f50b245062cc4f1ca774618213dbc186583397dad43e6958d0194,12
f79a771da2abed63b9190d153e060b796956208d,StormPigs20140807_8_squidproquo.mp4,1a549af621d3c3cd2be647dd5f197b58e86a5579e0a3c9a4d203c85f7883007d,13
f79a771da2abed63b9190d153e060b796956208d,StormPigs20140807_9_newrepublic.mp4,22288a92d96ab747814e97d1d31057040a8d8a4c4276a014b7b03684f3570a81,14
0f4d92fd1b6de54460828c604897836cf0665417,StormPigs20141227_10_30stshuffle.mp4,611f36568f8048ebd3a86b3c7adeef7f4b500eb8f3878a46ec22fbd78128210a,1
0f4d92fd1b6de54460828c604897836cf0665417,StormPigs20141227_11_herecomethenatives.mp4,c1242e531cc47b7e1654195dd84445f71e8a4dfd89803a4fca7e465081194c0c,2
0f4d92fd1b6de54460828c604897836cf0665417,StormPigs20141227_12_hornofscarcity.mp4,c84d3b6efc06c344e8a3e343cd736faa2142fcf8512b94404e9cb28674b2f877,3
0f4d92fd1b6de54460828c604897836cf0665417,StormPigs20141227_1_littlewing.mp4,9d613ad8c6d94f0cc2a8e1a6761c592fda4c9f772c86851466031c839c5e5a02,4
0f4d92fd1b6de54460828c604897836cf0665417,StormPigs20141227_2_domino.mp4,8472b13c3ef92a9635c146a75c722eeaa2a9510c8c2d196b0d427d1b4eca81c6,5
0f4d92fd1b6de54460828c604897836cf0665417,StormPigs20141227_3_christmassonginminor.mp4,d0504fd149d76e4ee1374f1414757e51a49fdbf5b9c09e784f93fda3ec8b373f,6
0f4d92fd1b6de54460828c604897836cf0665417,StormPigs20141227_4_cowboysong.mp4,e5e0c5d8036f04f43bf75fed496486a1891fcdce70a1e58dfe9e89ef73e89fdb,7
0f4d92fd1b6de54460828c604897836cf0665417,StormPigs20141227_5_300lbsofjoy.mp4,f61576e1f244e0984ba69bca036b52eea13dafd1c185150a325d79bc07615d3a,8
0f4d92fd1b6de54460828c604897836cf0665417,StormPigs20141227_6_carousel.mp4,02bc3c3b165bd1449347d2e9855a80cab5b42984afc9641e9f2e6633bf8290ad,9
0f4d92fd1b6de54460828c604897836cf0665417,StormPigs20141227_7_thewhipporwillandthewolf.mp4,4c7036eaa251a564e19ac75a714c7280d245af3b05647ca63a9f6006a1cbc6dd,10
0f4d92fd1b6de54460828c604897836cf0665417,StormPigs20141227_8_thankyouknobcreek.mp4,e69aa0a9378ea8f248af5ebfdf06ecf0466d50312dc0a7001fc13f7a16efce9d,11
0f4d92fd1b6de54460828c604897836cf0665417,StormPigs20141227_9_encounter.mp4,3402cfdc2b2857b722aba26a12166563044690e0c4cf4755be568c69a9a2bdd9,12
3cbcfe4d3f94d5f980f648a94241b0a6e8911b49,StormPigs20150611_10_eastersunday.mp4,cfdd43c762f270a5183868f46eb524e498de71949d4f168799566e503d8ef010,1
3cbcfe4d3f94d5f980f648a94241b0a6e8911b49,StormPigs20150611_1_makeitresonate.mp4,7ee858ba281b2e8955c3f5ac3a0525103b3c7360ce19a63e832108328d91ab8a,2
3cbcfe4d3f94d5f980f648a94241b0a6e8911b49,StormPigs20150611_2_experiment456.mp4,2e2ee6ee558d7fa75602e1bfa036bb4d9c3322834635d32a7a1d2b2cd18ee004,3
3cbcfe4d3f94d5f980f648a94241b0a6e8911b49,StormPigs20150611_3_indefenseofsteel.mp4,267f7eecb9b9c2021b2fc1497f0f8930a781ebb3d90974e3e54a57cb71261b0b,4
3cbcfe4d3f94d5f980f648a94241b0a6e8911b49,StormPigs20150611_4_swampyinnards.mp4,3ffb07870e79c0691c6dbf46a1746c99a0d838a08dc776e7671c18205327ada5,5
3cbcfe4d3f94d5f980f648a94241b0a6e8911b49,StormPigs20150611_5_speckofdust.mp4,1c310195861684e6bb8ba5ef5172a848e2089af393d323a154689ebb78dd4bcc,6
3cbcfe4d3f94d5f980f648a94241b0a6e8911b49,StormPigs20150611_6_bleedinginthesand.mp4,b848e6e65901c078126a62456570549001efc8e14fc36bae1e018bf274d35d21,7
3cbcfe4d3f94d5f980f648a94241b0a6e8911b49,StormPigs20150611_7_texasmohammed.mp4,d9498bffec0c0942c894c19ec543c8edab962381c43b958d7a8d3db55144240a,8
3cbcfe4d3f94d5f980f648a94241b0a6e8911b49,StormPigs20150611_8_ghostofmaybelline.mp4,b05e39d4a51775a66fab3370672398691f4b2a317f93671bf477a1c37c5a1dbc,9
3cbcfe4d3f94d5f980f648a94241b0a6e8911b49,StormPigs20150611_9_deniroswisdom.mp4,f6bce757bcc63ad6247e5f9d4511127ff696d9ac2b36e4fd8a989bc765b5d2ae,10
d2ba97083f0397c4d8bb9428dc103737839fd6f4,StormPigs20150801_10_devilstooth.mp4,6ad1996e34209d7b8b58047cc02207bd2be2da1d03427fec4460d0accfe5c0d3,1
d2ba97083f0397c4d8bb9428dc103737839fd6f4,StormPigs20150801_11_contactpatch.mp4,63901d65d969cb496b9e135651cc719c3e862778bb45e532ff6c489c2d589d6c,2
d2ba97083f0397c4d8bb9428dc103737839fd6f4,StormPigs20150801_12_givethebassistsome.mp4,f5b2f8e3984a07dca466d57dd4066854a44f914dd9c3221f356e8a958e770bd3,3
d2ba97083f0397c4d8bb9428dc103737839fd6f4,StormPigs20150801_1_heatinthetubes.mp4,85ce37b4536836418bb5d509e9e2af6f813233351b8d18cda3e9d48371395555,4
d2ba97083f0397c4d8bb9428dc103737839fd6f4,StormPigs20150801_2_drool.mp4,873e7bc39dc5e6029aade3f920d47d9ccadbad7c39fa4a75bfadd178461bc416,5
d2ba97083f0397c4d8bb9428dc103737839fd6f4,StormPigs20150801_3_bassplorection.mp4,efa1ae7546fe1ab152eb09e2cd2be8b1a8afd3838bb75be1df9290f400fd1485,6
d2ba97083f0397c4d8bb9428dc103737839fd6f4,StormPigs20150801_4_dadinterlude.mp4,0c5a79b39b1ff756d1309a17d872ad2cba3fbec74c0009c0aa36b00b2c51a6d6,7
d2ba97083f0397c4d8bb9428dc103737839fd6f4,StormPigs20150801_5_bales.mp4,5f41b9c3065f0b6e0ed39b7a5e2c198c749e7a5d529b1f610ca3cdf7c82fa5dc,8
d2ba97083f0397c4d8bb9428dc103737839fd6f4,StormPigs20150801_6_myhoneydoanlikenoise.mp4,177f587c0d4035813bb36a7fd2b265e5507189a312a93e303bf2146f526ba5da,9
d2ba97083f0397c4d8bb9428dc103737839fd6f4,StormPigs20150801_7_mominterruptus.mp4,e36558e4ebc64d933067837beed73ff18c7b810899c949784003dcfc84feb196,10
d2ba97083f0397c4d8bb9428dc103737839fd6f4,StormPigs20150801_8_masterbeatershistory.mp4,b693a1923cd43e66263213d5e66c0514727d9aab35835bd9b0dab660fbd6721a,11
d2ba97083f0397c4d8bb9428dc103737839fd6f4,StormPigs20150801_9_howcanyouscrewupan.mp4,036a5bce604f6236e07ed256c860bbc3d2b95a294c1c6b43ed71502cb1b13188,12
6e886ecf59c876ff2e50093dd68bd810722d77de,StormPigs20150919_10_babblingbrookrushingriverlazylake.mp4,6077711ef41185f51cdc47dcfbe8468624f7062a9a50d8994de81d89835b0d45,1
6e886ecf59c876ff2e50093dd68bd810722d77de,StormPigs20150919_11_senseofwonder.mp4,9c354094c1d661dcf659d511718cf270392ad7e9278e4f84ac71b4c2d1b36980,2
6e886ecf59c876ff2e50093dd68bd810722d77de,StormPigs20150919_12_takeandyeshallreceive.mp4,986f617c2eac899695f5869270d15103443f2bfc590c70b90687e12151e0045f,3
6e886ecf59c876ff2e50093dd68bd810722d77de,StormPigs20150919_13_islandtheme.mp4,db3d77ae61e51b9f8c737f5bd21b26cb7163dcd1684dbdba9afc5e155af8483e,4
6e886ecf59c876ff2e50093dd68bd810722d77de,StormPigs20150919_1_whysoglum.mp4,6a9c54bd4be30c1f8c7f7a2aeed3d3c9eee3de8c4f0b462f7c0c992477f41e2c,5
6e886ecf59c876ff2e50093dd68bd810722d77de,StormPigs20150919_2_thehitchbroke.mp4,78d31db1fa7b3b3ddff176b1621d6cd609de19819d40d94aa001a02cfa3919aa,6
6e886ecf59c876ff2e50093dd68bd810722d77de,StormPigs20150919_3_countinghootiesblowfish.mp4,9ce313d2e65bd09308368d1f384dd904d4e1cccf7d213d2271a1e0d5c5827af0,7
6e886ecf59c876ff2e50093dd68bd810722d77de,StormPigs20150919_4_stonesnicity.mp4,2a87a7d3b7392611bb53b1af972c8bca6a82530535ddb64e1bd5afbb942da41a,8
6e886ecf59c876ff2e50093dd68bd810722d77de,StormPigs20150919_5_handinhand.mp4,ec9c865fcc62fd45ceb53d27b278ede81202a047d755281378d9b09ebefdabec,9
6e886ecf59c876ff2e50093dd68bd810722d77de,StormPigs20150919_6_ahorseandagirl.mp4,0f014660afef94020e742187015260e5760eaae023d0be8e60c86aca7c7490f9,10
6e886ecf59c876ff2e50093dd68bd810722d77de,StormPigs20150919_7_ohdontdothat.mp4,5ef6b011b8485022b90bf98950aade2f623c92c0ff157e987c6ba0a7be3d535b,11
6e886ecf59c876ff2e50093dd68bd810722d77de,StormPigs20150919_8_dangerofbadcables.mp4,cedf73aa7a003a5e4b836cfb98b578a63261cdd62a4d2172c2a2ab0b3468cad9,12
6e886ecf59c876ff2e50093dd68bd810722d77de,StormPigs20150919_9_whathathhewrought.mp4,69056c686d3aef93bce94be5c9d6557be12b113a4af2edad3e659223d1d547f8,13
23805e80cf96cbd8a0f583fb35d8a1e1f85e5e76,StormPigs20151230_10_fuckthewhat.mp4,45f60326cac7167fce029b68f433488a9fb1ce9e6a14cbb4c21d6927a0c386c6,1
23805e80cf96cbd8a0f583fb35d8a1e1f85e5e76,StormPigs20151230_11_tightoperation.mp4,e1aa8fcee70a117075b72fc5834a4add13fa49550f123232f2e34b66c3ac7c5b,2
23805e80cf96cbd8a0f583fb35d8a1e1f85e5e76,StormPigs20151230_12_alongfortheride.mp4,fcc42290d35dbac9fbd6f4f34da44e4f603c90c6a9c2e3fab608b5c4f6c396e9,3
23805e80cf96cbd8a0f583fb35d8a1e1f85e5e76,StormPigs20151230_13_gonnabegoodforyou.mp4,f8bd5526b52e7b370417cfd4648ed7f983bc8045b37f09df99ce1cd11d0149dd,4
23805e80cf96cbd8a0f583fb35d8a1e1f85e5e76,StormPigs20151230_1_spynovel.mp4,171bde9c3f10ad901b638760655b4dd9b64e60a647598c538875b5498fcb8cf6,5
23805e80cf96cbd8a0f583fb35d8a1e1f85e5e76,StormPigs20151230_2_rustyscorcher.mp4,ebfcbd994e57e0a562c42ee81646d89d3c597095f1a109b6c900e24c16dc2612,6
23805e80cf96cbd8a0f583fb35d8a1e1f85e5e76,StormPigs20151230_3_onebrightday.mp4,ec9beb62b199333ba2a20dc897ed2be7a940facf5ad5cf2da8e031662612ff20,7
23805e80cf96cbd8a0f583fb35d8a1e1f85e5e76,StormPigs20151230_4_holidaycheer.mp4,c2bf24aac0d2275d0863cebe779073758b8e63042d995a742027fc3fe73b521b,8
23805e80cf96cbd8a0f583fb35d8a1e1f85e5e76,StormPigs20151230_5_oneforlemmy.mp4,8e18c5b27d5145e4c8c8b54ed5afda4f7a9b8042ea48a2b0a73173eb4fa8bc1a,9
23805e80cf96cbd8a0f583fb35d8a1e1f85e5e76,StormPigs20151230_6_werefuse.mp4,541cb999c968d9f2ea19c513234149b3953bcd89db1722911700a39bc7881230,10
23805e80cf96cbd8a0f583fb35d8a1e1f85e5e76,StormPigs20151230_7_jinglealltheway.mp4,e210bddad9e14079b6c0480d263a20acefe31ede6d0d295154d313b3275a7870,11
23805e80cf96cbd8a0f583fb35d8a1e1f85e5e76,StormPigs20151230_8_natureofthebeast.mp4,bce8ad7228c28fcd755fac315203b39689cc24592e3adef6f8de8a358cff1fef,12
23805e80cf96cbd8a0f583fb35d8a1e1f85e5e76,StormPigs20151230_9_littleshotofvinegar.mp4,af34aeffe006c8a159b0b43a1359156b8c96e107523d4f93876a6e5daf2eb237,13
bd183485bc225876805687f64ac4d82ed73e799f,StormPigs20160921_1_aintthatapeach.mp4,be697d28a89c9001667a258eed92bd23af8038147f7e12392311be50225cdf02,1
bd183485bc225876805687f64ac4d82ed73e799f,StormPigs20160921_2_money.mp4,a46287095e9736a7dcebc3ae419550db6f53578d8891e71b4a67bf32dbc1b8bb,2
bd183485bc225876805687f64ac4d82ed73e799f,StormPigs20160921_3_dehydrateddevo.mp4,6670659725d93869e13bc3328686d109febfee02ddda3c91a733ac99a7c4adcf,3
bd183485bc225876805687f64ac4d82ed73e799f,StormPigs20160921_4_anythingbutstraight.mp4,a8a917af8fe2b850417ef953cd0c89b15d62900d782e9b49379869bb820c7747,4
bd183485bc225876805687f64ac4d82ed73e799f,StormPigs20160921_5_whowillstoptherain.mp4,6a2f2324f3221920319584766d560db789b5269f83dda42008d5da4c59db7909,5
bd183485bc225876805687f64ac4d82ed73e799f,StormPigs20160921_6_intermiss.mp4,f3cfff149d14dc5fc4fc4bae1958c6045dbb3f7c5b0c89d9cc9072afd96d5007,6
bd183485bc225876805687f64ac4d82ed73e799f,StormPigs20160921_7_electionspecial.mp4,89d9b86dcc1dc09ee1dfe281e5402da6a128fe0a3e0859c14089fd162f666575,7
bd183485bc225876805687f64ac4d82ed73e799f,StormPigs20160921_8_tastethatsmell.mp4,96cbcc8572b9e71d6c700a94eb53dcb70fb4c0966f93a45d6e07ab8be259ca42,8
bd183485bc225876805687f64ac4d82ed73e799f,StormPigs20160921_9_everybodyin.mp4,666482d4aa0309b2aff661dfe96ef45ed383288a8ba8d5a34a40a2ed2dc0d873,9
57e7c11066204d0a454594a50a8f9e077df1f7e1,StormPigs20161116_10_1986.mp4,b3ba782230604a70b100feba9b752c728770e1f6a3f462b80cd693b6aaf24f13,1
57e7c11066204d0a454594a50a8f9e077df1f7e1,StormPigs20161116_11_protestsong.mp4,98d5e172db2e482b36e26278b3d13cd5e78b22c5e0541c17d1d084920a657d23,2
57e7c11066204d0a454594a50a8f9e077df1f7e1,StormPigs20161116_1_warmingup.mp4,32d52eb3193f0c72013db7511e7f2de3584690ebe51ce797f81d94113ba2ef68,3
57e7c11066204d0a454594a50a8f9e077df1f7e1,StormPigs20161116_2_blackboots.mp4,005684573b40f3b25db75079bd73acbe258d6f25999d16c462bd43300d63356e,4
57e7c11066204d0a454594a50a8f9e077df1f7e1,StormPigs20161116_3_jammaslide.mp4,8d66d72b4e3715a35de24362ae1af7ecf3528f68d620340a539fa1244919e374,5
57e7c11066204d0a454594a50a8f9e077df1f7e1,StormPigs20161116_4_sometimesIscream.mp4,444b428b60747e3ae51927b5b029a9e2aa70530ac26d9436241643b3b158ce01,6
57e7c11066204d0a454594a50a8f9e077df1f7e1,StormPigs20161116_5_thetrail.mp4,22dfdbb1dfb43e12c1040930859786ded4c447ef0cc809174dc08ab05030250e,7
57e7c11066204d0a454594a50a8f9e077df1f7e1,StormPigs20161116_6_creep.mp4,cc7197232886eee3e673d62936cd7576ea63dc12090d245bce2242d1416b1e35,8
57e7c11066204d0a454594a50a8f9e077df1f7e1,StormPigs20161116_7_youregoingoutthatdoor.mp4,e1c9fd57daeb2efa9ee4caf3ed78742452e7d717170f89967786f99e0649a748,9
57e7c11066204d0a454594a50a8f9e077df1f7e1,StormPigs20161116_8_tellyouwhat.mp4,5e7528009c6f92fd1f1ae2469163ba9cb28c371dd0883ea91e987c8609ab3514,10
57e7c11066204d0a454594a50a8f9e077df1f7e1,StormPigs20161116_9_santeria.mp4,6f36d779ab83456636eb2c589bbee98a9262f9c8f5c85f4cec50936b8cba89db,11
c2d8045f49fd0c745192c2a508985c774eb941e1,StormPigs20161207_10_offthecuff.mp4,b8f8d6bf24e229dd5ff40128592cd46e24855726b8df558f9aad6d99ae066b8f,1
c2d8045f49fd0c745192c2a508985c774eb941e1,StormPigs20161207_1_whilemyguitargentlyweeps.mp4,0017cf7f8b369283c93ef1d0395152e4ec961f8dc418a19b660668c6dcac73ef,2
c2d8045f49fd0c745192c2a508985c774eb941e1,StormPigs20161207_2_funkblast.mp4,57dc9574197981b28c1f1c7bea7c60b47964c6db3c74fa486db01c9546f308b8,3
c2d8045f49fd0c745192c2a508985c774eb941e1,StormPigs20161207_3_monkeyman.mp4,4960effc85889601b58c1c62e867e052537d8105a0f73a2b8e4cf06110d25aa8,4
c2d8045f49fd0c745192c2a508985c774eb941e1,StormPigs20161207_4_jumpinjackflash.mp4,f976d1ad9502c68f7b3d27137a9d1c09ebdcb9719975ccaab9657f31c9a4d000,5
c2d8045f49fd0c745192c2a508985c774eb941e1,StormPigs20161207_5_starwitnessdreaming.mp4,26bb84fac89a4cdccf4cfc0101a184e2dfd4a629a03a71cf3cb27cdd84db82d4,6
c2d8045f49fd0c745192c2a508985c774eb941e1,StormPigs20161207_6_mysharona.mp4,b2e95b79cff4ba091244fad902347681267d2583b9f530f21c758e2087c99bdd,7
c2d8045f49fd0c745192c2a508985c774eb941e1,StormPigs20161207_7_rockininthefreeworld.mp4,770fbeace105063e5291240aa3d0f84ab553284601c0c5feb93a88d1359305d7,8
c2d8045f49fd0c745192c2a508985c774eb941e1,StormPigs20161207_8_25or6-to-4.mp4,,9
c2d8045f49fd0c745192c2a508985c774eb941e1,StormPigs20161207_8_25or6.mp4,5db59b9eac8aac3d644cdafe8a30d83883a5f1c3477e864870908a4c6266737d,10
c2d8045f49fd0c745192c2a508985c774eb941e1,StormPigs20161207_9_runwithme.mp4,de7f0d2fcdc443b24336d5d83932d1e50d3b7062f83434cdb98cababbd9ee72e,11
e49dfa6a014d37290cb506884e38cdf113b5a256,StormPigs20161221_10_treasonsoliloquy.mp4,b3deb9659c2b03d097225d888680e3d18b8099a68b8b2c1f49e9ab479bdf8f09,1
e49dfa6a014d37290cb506884e38cdf113b5a256,StormPigs20161221_1_90daysofrain.mp4,4070355981d346fc7272acaf1fd777ba0d7faf03cdea16bde8e7df137d25ea40,2
e49dfa6a014d37290cb506884e38cdf113b5a256,StormPigs20161221_2_whatisthat.mp4,d8c2d9e9359aead9917b0b42afa422bc629cc2dd1784761f7f04dff2f4298ed6,3
e49dfa6a014d37290cb506884e38cdf113b5a256,StormPigs20161221_3_yeah.mp4,6fe4dda09c0d2ba74ad211a52a412697acf3a560a23655a4f9856a11fe01d779,4
e49dfa6a014d37290cb506884e38cdf113b5a256,StormPigs20161221_4_nowaytoshakeit.mp4,7876e2273d3ab9714bc9fa73b037a4486fac82471d2514e79269dec04e5ba02e,5
e49dfa6a014d37290cb506884e38cdf113b5a256,StormPigs20161221_5_happy2016.mp4,fa24270a5c9813814732bc64e2f3a6ae9739e89367ae410669dbd620a565eac0,6
e49dfa6a014d37290cb506884e38cdf113b5a256,StormPigs20161221_6_kickmetothecurb.mp4,02ec6507a467ad04afd38ae86c4ef1834aa5c08296ba2e857f2f8cdfa97420b0,7
e49dfa6a014d37290cb506884e38cdf113b5a256,StormPigs20161221_7_suicidesquat.mp4,5f6220e27ea0c6eaf16d86b905c8333c1621e04300eb6aa814a621b662120ffd,8
e49dfa6a014d37290cb506884e38cdf113b5a256,StormPigs20161221_8_cozysituation.mp4,61de20ec59e18d74c1eaa0d9d58a81e89d68f66238db29d47f8967ff6bf5d20e,9
e49dfa6a014d37290cb506884e38cdf113b5a256,StormPigs20161221_9_noodleO.mp4,b64fcfa5d186dc5c1852308b0c463f2d07683ed41c5e5f983a9cd2b70a9f4342,10
1a82778bac200a1f2f6848bd7a4f41b12ade59c6,StormPigs20170110_10_heatofthemoment.mp4,12ba662992d74059e6e46b5cb9135abd084bf3e00aa52373aef12bbe2c709b8d,1
1a82778bac200a1f2f6848bd7a4f41b12ade59c6,StormPigs20170110_1_happybirthdayPat.mp4,eed10541e8f803bdb27f69654480ac3adfde035750b5bd44a358b64e0e065802,2
1a82778bac200a1f2f6848bd7a4f41b12ade59c6,StormPigs20170110_2_londoncalling.mp4,fd4b775bc7e4f913a700fad745eb76ebe60f6abca58cf369bfff5a8af99ee5d7,3
1a82778bac200a1f2f6848bd7a4f41b12ade59c6,StormPigs20170110_3_funk49.mp4,49ef88f48c8d931aba904ed5e76318701cd1c882d9cc8229ed18d15b9738a2cb,4
1a82778bac200a1f2f6848bd7a4f41b12ade59c6,StormPigs20170110_4_whatmakesaworkingband.mp4,523b245199dcc90979ca734b336bb2c766be2aaf48cd408d973eb3e9ce1eac35,5
1a82778bac200a1f2f6848bd7a4f41b12ade59c6,StormPigs20170110_5_icantwait.mp4,a9b7e365742ed98a85d0875b300d8138ffb14b01f34422c6537d6d5dafd9f529,6
1a82778bac200a1f2f6848bd7a4f41b12ade59c6,StormPigs20170110_6_cantletgo.mp4,5f8f3a0edb46a5bcd3d8fe918d56b2c57cf45508d54be8925a18b00d90d9cfad,7
1a82778bac200a1f2f6848bd7a4f41b12ade59c6,StormPigs20170110_7_cometogether.mp4,ed9ae594bc63f8595540cdc388708fd09671f724fc17759c1d447d6193d9eea3,8
1a82778bac200a1f2f6848bd7a4f41b12ade59c6,StormPigs20170110_8_mrtamborineman.mp4,bece359b5648d35a61e9501f5fdf5b5046e1894295616e7e4589c9638f353684,9
1a82778bac200a1f2f6848bd7a4f41b12ade59c6,StormPigs20170110_9_itsatrap.mp4,07b3ff0e6dafdea42e6b214cde559d71307cdfe46450642a04d5140614f73eda,10
70766608a1c3a7c389f2b1440a32f8244f5b1cd3,StormPigs20170509_10_bedtimestory.mp4,ff3c27e5c81b9aacc0d9223dbe746e537d22cd030eea6e4f684c57afd3e42b58,1
70766608a1c3a7c389f2b1440a32f8244f5b1cd3,StormPigs20170509_1_suitandtied.mp4,0913c56ab39d203d635552eb6228fc72574ca08c8f9eec40f5fbf8f2f0a2e03d,2
70766608a1c3a7c389f2b1440a32f8244f5b1cd3,StormPigs20170509_2_casteneda.mp4,e03f6326dd5b481d8ee54950072717f6d413c8d11607e337af27e43ae0037256,3
70766608a1c3a7c389f2b1440a32f8244f5b1cd3,StormPigs20170509_3_makingtime.mp4,ab02a22976282ac3d0d1439066bf77fc68dece3b4157c4766967ba15d36dd2c1,4
70766608a1c3a7c389f2b1440a32f8244f5b1cd3,StormPigs20170509_4_janevafaircloth.mp4,55fc9afff6469c0145f2e7d1a6b42207baa982bbb3b4c25738dbd3893f5666f7,5
70766608a1c3a7c389f2b1440a32f8244f5b1cd3,StormPigs20170509_5_almosthitbytaxi.mp4,1034fb5b9629dee52ee14f9a9dfe9058ce1543e292a27de99cace539915c4d0b,6
70766608a1c3a7c389f2b1440a32f8244f5b1cd3,StormPigs20170509_6_badguytrump.mp4,f0590c8083207d6819121df06901975a02744b25fc2999c63b467bbba9c9463a,7
70766608a1c3a7c389f2b1440a32f8244f5b1cd3,StormPigs20170509_7_spaceagelovesong.mp4,e742531958341372d0c64b81259570f5a7159c9f7688a48990eb803d3f249997,8
70766608a1c3a7c389f2b1440a32f8244f5b1cd3,StormPigs20170509_8_deadhighwaygroove.mp4,678e1c49272c010c772afbb0ef0aa9ca40a9dfccdacf9232b2ff34bef1374286,9
70766608a1c3a7c389f2b1440a32f8244f5b1cd3,StormPigs20170509_9_one-eighthsardinian.mp4,7eae0d24115c58676e859461a2a33324375fc6de9187a42c645db92e0cf5c319,10
7bf87efbde85540bdc0d44dccaf6584461d44b3d,StormPigs20221105_1_CantYou.mp4,07eb3e928464b8eceb45ae5a352420fb6a168089eb4694336d5a38a3b104a9e5,1
7bf87efbde85540bdc0d44dccaf6584461d44b3d,StormPigs20221105_2_Blump.mp4,86fb8b7bec1309a8f66dc1b31ffb35d9b8ea4df8297990b8c8d6b2baf303361e,2
7bf87efbde85540bdc0d44dccaf6584461d44b3d,StormPigs20221105_3_NewToy.mp4,bd5702a6a3acf4bea721818486120c2bace2515a2acfb319abc6b73bf5adb848,3
7bf87efbde85540bdc0d44dccaf6584461d44b3d,StormPigs20221105_4_CoronaBlues.mp4,c0033e8a54d697810251aa19b608d32874e9a767d398f807d9a0f75803752d96,4
7bf87efbde85540bdc0d44dccaf6584461d44b3d,StormPigs20221105_5_Layers.mp4,6cb873e8a663d9cfd25c2ada00d43469ac0423aef8886c5c4f06a3fc01f7e6e9,5
7bf87efbde85540bdc0d44dccaf6584461d44b3d,StormPigs20221105_6_SaturdaySun.mp4,96c99819ee16a83fc0cd07e524c68cb00c66b33631fb7afe2c3a3beed842270e,6
7bf87efbde85540bdc0d44dccaf6584461d44b3d,StormPigs20221105_7_FigureofaWailer.mp4,735f75df415d7813cc535490331f7160d4d67a5a8f576605fb0642ef9d137e26,7
7bf87efbde85540bdc0d44dccaf6584461d44b3d,StormPigs20221105_8_RhythymofChange.mp4,6c91eda72675541d86e62e2dd29237c7d642dc6804697a21b8377486122a54f5,8
7bf87efbde85540bdc0d44dccaf6584461d44b3d,StormPigs20221105_9_GetItDone.mp4,7da24db77d5a3a721113a8a8ee03fbc8814be056e64ec15a11064c308245630f,9
2125507f7ca908d09e1d9360126952ceaf504a18,StormPigs20230725_10_Detroit.mp4,d90e5a7374849fffe570dcaace16c64e85aa6db0aabedb929c5b07c5d1165013,1
2125507f7ca908d09e1d9360126952ceaf504a18,StormPigs20230725_11_FalseStart.mp4,63aa7a10e1b9ccd8c82806b857687b9321ae3122d0ac7242a3320efe977faaa6,2
2125507f7ca908d09e1d9360126952ceaf504a18,StormPigs20230725_12_TheReturnofThunderFingers.mp4,8f4fb83fb26e04286d2102ab3ac8886b881a29a2173124c087d42cfeeaf479a5,3
2125507f7ca908d09e1d9360126952ceaf504a18,StormPigs20230725_13_KillerontheLoose.mp4,dc4df2efc3aa4046b64a73e02c9be0d87e373bfcacb7ac63f0e1d0c8845079d7,4
2125507f7ca908d09e1d9360126952ceaf504a18,StormPigs20230725_14_MaddeningMartialMadness.mp4,aeacb0cbf885016e8ff2e4cd95659c4fb371d7df2feef90bbf52677c8244debb,5
2125507f7ca908d09e1d9360126952ceaf504a18,StormPigs20230725_15_Oddity.mp4,e4823af819909a6f22ff600a4a6d97116f990b34fad8f42bd231efa2663b94b5,6
2125507f7ca908d09e1d9360126952ceaf504a18,StormPigs20230725_16_PrettyLittleLambda.mp4,51caebbe724893534646b550b47c0ceb10e9d6b923335c1931a173ee0d37e721,7
2125507f7ca908d09e1d9360126952ceaf504a18,StormPigs20230725_17_YouCantStayHere.mp4,3d6e2046c305a951a6f598b900ec46989ca93372cd6ecafbf4639974bce52ce4,8
2125507f7ca908d09e1d9360126952ceaf504a18,StormPigs20230725_1_StartYourEngines.mp4,a75943a9277ed7ebcf85f658f1e51bcf4fdbb14255f14b39028761c296ae533e,9
2125507f7ca908d09e1d9360126952ceaf504a18,StormPigs20230725_2_WellDagNabit.mp4,5689d5dea6f390e8aed10afa767088404f828a0ca0ad5d781becb29c7d8cc779,10
2125507f7ca908d09e1d9360126952ceaf504a18,StormPigs20230725_3_WeAreRolling.mp4,2b4af2340784c21d7e3360b5be71bf3a689782aad6d0e6a6cab507e6eaec6a98,11
2125507f7ca908d09e1d9360126952ceaf504a18,StormPigs20230725_4_TheDitty.mp4,188cafc285c9a7623aad5e2ca9f02ff0d49cee9520800eb1e8352ab306a1ac8e,12
2125507f7ca908d09e1d9360126952ceaf504a18,StormPigs20230725_5_NYCChug-A-Lug.mp4,67d15cc89cbacad8a5346154b5c162382cd9de4fe1b55827d00eea7245cf1c2a,13
2125507f7ca908d09e1d9360126952ceaf504a18,StormPigs20230725_6_ThoughtfulIndirection.mp4,b883f5a281cbb5a598a15a9b78257d4d4a0f8ef831fd6662353662eba7892cad,14
2125507f7ca908d09e1d9360126952ceaf504a18,StormPigs20230725_7_KickinthePants.mp4,7b50c4576445f7d2b57d596fb1554cfdaecfcaecd5683211f4fdafa79d854b59,15
2125507f7ca908d09e1d9360126952ceaf504a18,StormPigs20230725_8_InterMiss.mp4,0113799066afb5eef629dff6a8f93354a9e92680c9bcf2e4bf2adf7071b114aa,16
2125507f7ca908d09e1d9360126952ceaf504a18,StormPigs20230725_9_WaitingfortheMan.mp4,cfef734a6b3c57547b3dc6cf5baa4bab99e9f14a91737b1bd8b780d5bbaf9eaf,17
3a96e62a12ff354164ab937ff6d747909a31ad0c,StormPigs20240718_10_beastofajane.mp4,03ec69fe9949e425cbf7e5b6475b41c27c9a0bbfc0755a2d51e1a216b52e3c52,1
3a96e62a12ff354164ab937ff6d747909a31ad0c,StormPigs20240718_11_werewolvesoflondon.mp4,e942d9051f6e3965bc42dea1b39392d3cb37fbe08f9d30650e2a07cc16f9416f,2
3a96e62a12ff354164ab937ff6d747909a31ad0c,StormPigs20240718_12_traction.mp4,c6f82a9610dfb2b5b4d17a24402c17fa3077eec2e5a7475f33d3119ab5d43229,3
3a96e62a12ff354164ab937ff6d747909a31ad0c,StormPigs20240718_1_forarose.mp4,d28b18c8e40a4f5f1fa484fe32c8367dbbf896fc82c31ab1add90ab8c9b2f381,4
3a96e62a12ff354164ab937ff6d747909a31ad0c,StormPigs20240718_2_dirtypotblues.mp4,a740ea7d7b435ddbe30716946f248e44bdc3bfa775fb6f5ed114591e19443ba5,5
3a96e62a12ff354164ab937ff6d747909a31ad0c,StormPigs20240718_3_aintsupposedtobetnwhiskey.mp4,993ec20abb08020cb458e3ee8c63d40ef2ae1fb5895125f549d236caf88c7875,6
3a96e62a12ff354164ab937ff6d747909a31ad0c,StormPigs20240718_4_musicusinterruptus.mp4,b135c0b8e830c7e6f5757c040018962c58845c867cb3e79ec22c0fb2c45217c3,7
3a96e62a12ff354164ab937ff6d747909a31ad0c,StormPigs20240718_5_idoneadoobie.mp4,fc701cdbc9c3c9b04d6a9bccf44778a58b03abdb3372912dd34894503787cea2,8
3a96e62a12ff354164ab937ff6d747909a31ad0c,StormPigs20240718_6_stormfront.mp4,51610eed6a68ca5b336c7d4819f17aca4abc8980927ac71a6d154e5ec3b8cc34,9
3a96e62a12ff354164ab937ff6d747909a31ad0c,StormPigs20240718_7_feelinalright.mp4,5bd2ac62460ef71a841386699b04e5127beb83ed19d310951ffc3a7c362b168a,10
3a96e62a12ff354164ab937ff6d747909a31ad0c,StormPigs20240718_8_stubegoodsweethome.mp4,c034d46857689f010c30da0a76448761836e3afc03f0ad42b717d76fb4eee970,11
3a96e62a12ff354164ab937ff6d747909a31ad0c,StormPigs20240718_9_youshookme.mp4,134017db34877ad37682323f78b1cfb3b30cc1e292e7c50bcfae5527f5c96e0d,12
c7369a787ad1fdac552e1bce05d93f4d02445d5b,StormPigs20250603_1_barneymiller.mp4,42cd69ee232e8ddb285d00402a9be663f5a369f59e1441ed24a924a75f1e7edc,1
c7369a787ad1fdac552e1bce05d93f4d02445d5b,StormPigs20250603_2_adrift.mp4,4153ca9529dd8c1474d55e6c5e254c83de8e8c188ec018cd30eb22b85069b17d,2
c7369a787ad1fdac552e1bce05d93f4d02445d5b,StormPigs20250603_3_soobtuse.mp4,1a4870624be7017e1e8d6d260298715a46f5f68f17120d8290d9da9b76458d61,3
c7369a787ad1fdac552e1bce05d93f4d02445d5b,StormPigs20250603_4_beforeyoudisappear.mp4,e3469aaac3e79ccaadf8b2c6c4afa285df3542cd6d7476a3e265c3de8cafe53b,4
c7369a787ad1fdac552e1bce05d93f4d02445d5b,StormPigs20250603_5_sweatshop.mp4,f565b7a6f31b22657a99010eb5edddd624214818ccf53979b5c045fb613a117d,5
c7369a787ad1fdac552e1bce05d93f4d02445d5b,StormPigs20250603_6_goodbyeoltwin.mp4,6fdded54525947531d11a7f7245a1b1a8c587d7b0f7f9c403c608813497786f0,6
c7369a787ad1fdac552e1bce05d93f4d02445d5b,StormPigs20250603_7_mancinisghost.mp4,561d73d762ffaec111a863b9278e662feede07c33fdd56b74753b426108a6f82,7
c7369a787ad1fdac552e1bce05d93f4d02445d5b,StormPigs20250603_8_dontwannahearaboutyou.mp4,8e730d731821f7d1f1d0c2c5b5eb83b65e43b29c87d0e42f1396753994df36ec,8
c7369a787ad1fdac552e1bce05d93f4d02445d5b,StormPigs20250603_9_dearlybeloved.mp4,65bddd2266bc9258323eb4e4622f26f136602e4bf74be22956020a367325a751,9
c7369a787ad1fdac552e1bce05d93f4d02445d5b,StormPigs20250603_10_epilogue.mp4,c7b8edfcfb5714fcaac9132396c5cdd01735870634947933d3f3f28d53600af0,10
5eb93c78c88918c2e444364bf99c6a6c97bdeb54,StormPigs20250724_1_milkrun.mp4,8053e3db5fad344a48a1d90138288a9ded2d344568ca88396dba6b927a0950e8,1
5eb93c78c88918c2e444364bf99c6a6c97bdeb54,StormPigs20250724_2_thewhale.mp4,76c7971a2fab678435843634ea56cc41046665d9c4e2185b325aea36604a3000,2
5eb93c78c88918c2e444364bf99c6a6c97bdeb54,StormPigs20250724_3_joyousrout.mp4,db735555cef131f0897f372e56a07229d1c975f99fc84c3e90b5e4a0188ada47,3
5eb93c78c88918c2e444364bf99c6a6c97bdeb54,StormPigs20250724_4_electrofunk42.mp4,e4abd2933e76233ab302e8f598cdb5f5fbafd6f39f4909ac0d509a68a784bf22,4
5eb93c78c88918c2e444364bf99c6a6c97bdeb54,StormPigs20250724_5_betsy.mp4,9e80380907f3fbb6f0d5b02bd18f2e8f19ebb8806073acbe3c6fc7202ca5e1fd,5
5eb93c78c88918c2e444364bf99c6a6c97bdeb54,StormPigs20250724_6_doyou.mp4,f995d8de7d3cac92d64894703734176ec9edfa3d63a8dbb0693cfed32ffe398b,6
5eb93c78c88918c2e444364bf99c6a6c97bdeb54,StormPigs20250724_7_interhit.mp4,1d674f38ceb442e35ee43f4ddc93c9798a8abbc1bd3a4f46ba11610e091407f8,7
5eb93c78c88918c2e444364bf99c6a6c97bdeb54,StormPigs20250724_8_bebyyourside.mp4,1763ed359453f19017128b2eb63ad04e71422c6075472e66420e9cf9f1dd25ba,8
5eb93c78c88918c2e444364bf99c6a6c97bdeb54,StormPigs20250724_9_maximized.mp4,9b5c39f2966444570f45b2c0a69711110858dd9b29d8e87fc5ac34183711bf54,9
5eb93c78c88918c2e444364bf99c6a6c97bdeb54,StormPigs20250724_10_friends.mp4,1ac570b6ddb75064bdf2b170c393391034cb5fcb860b5be3d33bf6d4e8f7a5da,10
5eb93c78c88918c2e444364bf99c6a6c97bdeb54,StormPigs20250724_11_dangerousprey.mp4,d5d0eddf419eb8558fddd2b3c4a29455905ef97c91cc9a7e16b818d91a155a0d,11
5eb93c78c88918c2e444364bf99c6a6c97bdeb54,StormPigs20250724_12_twilighthunt.mp4,05ce229aef25244888cd18f8a5ba5e1bdad217a11b088702fdb0ec1effc6c2bf,12
5eb93c78c88918c2e444364bf99c6a6c97bdeb54,StormPigs20250724_13_unmarkedtrail.mp4,11c9a79000912251191e6049ba14f266a1c48448728f1f2db49f564e620dd523,13
5eb93c78c88918c2e444364bf99c6a6c97bdeb54,StormPigs20250724_14_thekill.mp4,f91793908180324a898704d419b2b95911c62904959d64c1f7c96a9b9fcb1b65,14
5eb93c78c88918c2e444364bf99c6a6c97bdeb54,StormPigs20250724_15_wrapitup.mp4,203701e8efeedb50a187d517d71e409e57c5b5e815d0ef929baca56762a9090f,15
92573bd631e689fc5009e186bb86e5474c12f984,StormPigs20040818_1_pushitaway.mp4,2dd5240e2a63f6fc51563f325d30994b2955d08a79575ebbe7d79e29325d8e21,1
92573bd631e689fc5009e186bb86e5474c12f984,StormPigs20040818_2_layingitontheOG.mp4,a2a90a2052bfd94a8bde45f9235c012c89226b687546d5c331419e8520acef7c,2
92573bd631e689fc5009e186bb86e5474c12f984,StormPigs20040818_3_cosmicbruce.mp4,5b4e1925f39002eb3aac31d96f1c5fb1b0a9c16a8d4ad8822191607f5145041f,3
92573bd631e689fc5009e186bb86e5474c12f984,StormPigs20040818_4_headlikearazor.mp4,6fadba4bda505d3541d65a193efeaf6c5ba87f5546b3b2c5b8dad606f8d935fd,4
92573bd631e689fc5009e186bb86e5474c12f984,StormPigs20040818_5_fortheloveofthecops.mp4,6ee28142e721f7341067ab8b483baae6b8f91a7c84fddcafc9f41b9faac1df4d,5
92573bd631e689fc5009e186bb86e5474c12f984,StormPigs20040818_6_happyisthesunset.mp4,ced1eaff4ecc66a86aab4eba5d849d44765acc68f22e1522420bc445ce5ba8b6,6
92573bd631e689fc5009e186bb86e5474c12f984,StormPigs20040818_7_apexofmyexistence.mp4,8b0abed02c0e19276e37656a3e0392aa8bb9cd51e23cffc3b5acdcf64e1bd38e,7
92573bd631e689fc5009e186bb86e5474c12f984,StormPigs20040818_8_godblessthesunsetroom.mp4,e847d7670dd67829cb184c9cb8171bae0afa2da23bebe9c948bfe1578d4b7fe8,8
92573bd631e689fc5009e186bb86e5474c12f984,StormPigs20040818_9_worldexploding.mp4,c348b4402e960f41b37c9aa84ae7a45d002c8071e1db98d26d16f0be23053d72,9
92573bd631e689fc5009e186bb86e5474c12f984,StormPigs20040818_10_jewishwhiterappa.mp4,63349346ddbd08bb36d87d461bd186bc448090ccf8636ec5cd679ee712f564db,10
92573bd631e689fc5009e186bb86e5474c12f984,StormPigs20040818_11_tnucinthesystem.mp4,f747ebbf59a4d4ce0df0a5b21ebed0848ee38132b9372ec2217ad1fb7d68d13e,11
92573bd631e689fc5009e186bb86e5474c12f984,StormPigs20040818_12_shootinatcans.mp4,25a61f6c85516766c279816b3521fc906ec3cbe433681737e9eb9ba5631db32a,12
92573bd631e689fc5009e186bb86e5474c12f984,StormPigs20040818_13_gogandmagog.mp4,2b4b29a6b73650fe637878a6879d0c351590cd26bdf36b72b18504e72445469d,13
92573bd631e689fc5009e186bb86e5474c12f984,StormPigs20040818_14_brandnewcadillac.mp4,6b22d960b0e82e86afb55e0ac97a42e1d6bc22e9b8eca52cc9ad9b499b92e23a,14
